time,BF_object_A,latitude_A,longitude_A,BF_object_B,latitude_B,longitude_B,BF_object_C,latitude_C,longitude_C,A-B relation,B-A relation,C-A relation
+2026-02-05T22:36:32Z,OBJ_A,35.0,130.0000878,OBJ_B,35.0000541,130.00007024,OBJ_C,35.0001082,130.0132578,in front of,in back of,in front of
+2026-02-05T22:36:33Z,OBJ_A,35.0,130.0001756,OBJ_B,35.0000541,130.00014048,OBJ_C,35.0001082,130.0132578,in front of,in back of,in front of
+2026-02-05T22:36:34Z,OBJ_A,35.0,130.0002634,OBJ_B,35.0000541,130.00021072,OBJ_C,35.0001082,130.0132578,in front of,in back of,in front of
+2026-02-05T22:36:35Z,OBJ_A,35.0,130.0003512,OBJ_B,35.0000541,130.00028096,OBJ_C,35.0001082,130.0132578,in front of,in back of,in front of
+2026-02-05T22:36:36Z,OBJ_A,35.0,130.000439,OBJ_B,35.0000541,130.0003512,OBJ_C,35.0001082,130.0132578,in front of,in back of,in front of
+2026-02-05T22:36:37Z,OBJ_A,35.0,130.0005268,OBJ_B,35.0000541,130.00042144,OBJ_C,35.0001082,130.0132578,in front of,in back of,in front of
+2026-02-05T22:36:38Z,OBJ_A,35.0,130.0006146,OBJ_B,35.0000541,130.00049168,OBJ_C,35.0001082,130.0132578,in front of,in back of,in front of
+2026-02-05T22:36:39Z,OBJ_A,35.0,130.0007024,OBJ_B,35.0000541,130.00056192,OBJ_C,35.0001082,130.0132578,in front of,in back of,in front of
+2026-02-05T22:36:40Z,OBJ_A,35.0,130.0007902,OBJ_B,35.0000541,130.00063216,OBJ_C,35.0001082,130.0132578,in front of,in back of,in front of
+2026-02-05T22:36:41Z,OBJ_A,35.0,130.000878,OBJ_B,35.0000541,130.0007024,OBJ_C,35.0001082,130.0132578,in front of,in back of,in front of
+2026-02-05T22:36:42Z,OBJ_A,35.0,130.0009658,OBJ_B,35.0000541,130.00077264,OBJ_C,35.0001082,130.0132578,in front of,in back of,in front of
+2026-02-05T22:36:43Z,OBJ_A,35.0,130.0010536,OBJ_B,35.0000541,130.00084288,OBJ_C,35.0001082,130.0132578,in front of,in back of,in front of
+2026-02-05T22:36:44Z,OBJ_A,35.0,130.0011414,OBJ_B,35.0000541,130.00091312,OBJ_C,35.0001082,130.0132578,in front of,in back of,in front of
+2026-02-05T22:36:45Z,OBJ_A,35.0,130.0012292,OBJ_B,35.0000541,130.00098336,OBJ_C,35.0001082,130.0132578,in front of,in back of,in front of
+2026-02-05T22:36:46Z,OBJ_A,35.0,130.001317,OBJ_B,35.0000541,130.0010536,OBJ_C,35.0001082,130.0132578,in front of,in back of,in front of
+2026-02-05T22:36:47Z,OBJ_A,35.0,130.0014048,OBJ_B,35.0000541,130.00112384,OBJ_C,35.0001082,130.0132578,in front of,in back of,in front of
+2026-02-05T22:36:48Z,OBJ_A,35.0,130.0014926,OBJ_B,35.0000541,130.00119408,OBJ_C,35.0001082,130.0132578,in front of,in back of,in front of
+2026-02-05T22:36:49Z,OBJ_A,35.0,130.0015804,OBJ_B,35.0000541,130.00126432,OBJ_C,35.0001082,130.0132578,in front of,in back of,in front of
+2026-02-05T22:36:50Z,OBJ_A,35.0,130.0016682,OBJ_B,35.0000541,130.00133456,OBJ_C,35.0001082,130.0132578,in front of,in back of,in front of
+2026-02-05T22:36:51Z,OBJ_A,35.0,130.001756,OBJ_B,35.0000541,130.0014048,OBJ_C,35.0001082,130.0132578,in front of,in back of,in front of
+2026-02-05T22:36:52Z,OBJ_A,35.0,130.0018438,OBJ_B,35.0000541,130.00147504,OBJ_C,35.0001082,130.0132578,in front of,in back of,in front of
+2026-02-05T22:36:53Z,OBJ_A,35.0,130.0019316,OBJ_B,35.0000541,130.00154528,OBJ_C,35.0001082,130.0132578,in front of,in back of,in front of
+2026-02-05T22:36:54Z,OBJ_A,35.0,130.0020194,OBJ_B,35.0000541,130.00161552,OBJ_C,35.0001082,130.0132578,in front of,in back of,in front of
+2026-02-05T22:36:55Z,OBJ_A,35.0,130.0021072,OBJ_B,35.0000541,130.00168576,OBJ_C,35.0001082,130.0132578,in front of,in back of,in front of
+2026-02-05T22:36:56Z,OBJ_A,35.0,130.002195,OBJ_B,35.0000541,130.001756,OBJ_C,35.0001082,130.0132578,in front of,in back of,in front of
+2026-02-05T22:36:57Z,OBJ_A,35.0,130.0022828,OBJ_B,35.0000541,130.00182624,OBJ_C,35.0001082,130.0132578,in front of,in back of,in front of
+2026-02-05T22:36:58Z,OBJ_A,35.0,130.0023706,OBJ_B,35.0000541,130.00189648,OBJ_C,35.0001082,130.0132578,in front of,in back of,in front of
+2026-02-05T22:36:59Z,OBJ_A,35.0,130.0024584,OBJ_B,35.0000541,130.00196672,OBJ_C,35.0001082,130.0132578,in front of,in back of,in front of
+2026-02-05T22:37:00Z,OBJ_A,35.0,130.0025462,OBJ_B,35.0000541,130.00203696,OBJ_C,35.0001082,130.0132578,in front of,in back of,in front of
+2026-02-05T22:37:01Z,OBJ_A,35.0,130.002634,OBJ_B,35.0000541,130.0021072,OBJ_C,35.0001082,130.0132578,in front of,in back of,in front of
+2026-02-05T22:37:02Z,OBJ_A,35.0,130.0027218,OBJ_B,35.0000541,130.00217744,OBJ_C,35.0001082,130.0132578,in front of,in back of,in front of
+2026-02-05T22:37:03Z,OBJ_A,35.0,130.0028096,OBJ_B,35.0000541,130.00224768,OBJ_C,35.0001082,130.0132578,in front of,in back of,in front of
+2026-02-05T22:37:04Z,OBJ_A,35.0,130.0028974,OBJ_B,35.0000541,130.00231792,OBJ_C,35.0001082,130.0132578,in front of,in back of,in front of
+2026-02-05T22:37:05Z,OBJ_A,35.0,130.0029852,OBJ_B,35.0000541,130.00238816,OBJ_C,35.0001082,130.0132578,in front of,in back of,in front of
+2026-02-05T22:37:06Z,OBJ_A,35.0,130.003073,OBJ_B,35.0000541,130.0024584,OBJ_C,35.0001082,130.0132578,in front of,in back of,in front of
+2026-02-05T22:37:07Z,OBJ_A,35.0,130.0031608,OBJ_B,35.0000541,130.00252864,OBJ_C,35.0001082,130.0132578,in front of,in back of,in front of
+2026-02-05T22:37:08Z,OBJ_A,35.0,130.0032486,OBJ_B,35.0000541,130.00259888,OBJ_C,35.0001082,130.0132578,in front of,in back of,in front of
+2026-02-05T22:37:09Z,OBJ_A,35.0,130.0033364,OBJ_B,35.0000541,130.00266912,OBJ_C,35.0001082,130.0132578,in front of,in back of,in front of
+2026-02-05T22:37:10Z,OBJ_A,35.0,130.0034242,OBJ_B,35.0000541,130.00273936,OBJ_C,35.0001082,130.0132578,in front of,in back of,in front of
+2026-02-05T22:37:11Z,OBJ_A,35.0,130.003512,OBJ_B,35.0000541,130.0028096,OBJ_C,35.0001082,130.0132578,in front of,in back of,in front of
+2026-02-05T22:37:12Z,OBJ_A,35.0,130.0035998,OBJ_B,35.0000541,130.00287984,OBJ_C,35.0001082,130.0132578,in front of,in back of,in front of
+2026-02-05T22:37:13Z,OBJ_A,35.0,130.0036876,OBJ_B,35.0000541,130.00295008,OBJ_C,35.0001082,130.0132578,in front of,in back of,in front of
+2026-02-05T22:37:14Z,OBJ_A,35.0,130.0037754,OBJ_B,35.0000541,130.00302032,OBJ_C,35.0001082,130.0132578,in front of,in back of,in front of
+2026-02-05T22:37:15Z,OBJ_A,35.0,130.0038632,OBJ_B,35.0000541,130.00309056,OBJ_C,35.0001082,130.0132578,in front of,in back of,in front of
+2026-02-05T22:37:16Z,OBJ_A,35.0,130.003951,OBJ_B,35.0000541,130.0031608,OBJ_C,35.0001082,130.0132578,in front of,in back of,in front of
+2026-02-05T22:37:17Z,OBJ_A,35.0,130.0040388,OBJ_B,35.0000541,130.00323104,OBJ_C,35.0001082,130.0132578,in front of,in back of,in front of
+2026-02-05T22:37:18Z,OBJ_A,35.0,130.0041266,OBJ_B,35.0000541,130.00330128,OBJ_C,35.0001082,130.0132578,in front of,in back of,in front of
+2026-02-05T22:37:19Z,OBJ_A,35.0,130.0042144,OBJ_B,35.0000541,130.00337152,OBJ_C,35.0001082,130.0132578,in front of,in back of,in front of
+2026-02-05T22:37:20Z,OBJ_A,35.0,130.0043022,OBJ_B,35.0000541,130.00344176,OBJ_C,35.0001082,130.0132578,in front of,in back of,in front of
+2026-02-05T22:37:21Z,OBJ_A,35.0,130.00439,OBJ_B,35.0000541,130.003512,OBJ_C,35.0001082,130.0132578,in front of,in back of,in front of
+2026-02-05T22:37:22Z,OBJ_A,35.0,130.0044778,OBJ_B,35.0000541,130.00358224,OBJ_C,35.0001082,130.0132578,in front of,in back of,in front of
+2026-02-05T22:37:23Z,OBJ_A,35.0,130.0045656,OBJ_B,35.0000541,130.00365248,OBJ_C,35.0001082,130.0132578,in front of,in back of,in front of
+2026-02-05T22:37:24Z,OBJ_A,35.0,130.0046534,OBJ_B,35.0000541,130.00372272,OBJ_C,35.0001082,130.0132578,in front of,in back of,in front of
+2026-02-05T22:37:25Z,OBJ_A,35.0,130.0047412,OBJ_B,35.0000541,130.00379296,OBJ_C,35.0001082,130.0132578,in front of,in back of,in front of
+2026-02-05T22:37:26Z,OBJ_A,35.0,130.004829,OBJ_B,35.0000541,130.0038632,OBJ_C,35.0001082,130.0132578,in front of,in back of,in front of
+2026-02-05T22:37:27Z,OBJ_A,35.0,130.0049168,OBJ_B,35.0000541,130.00393344,OBJ_C,35.0001082,130.0132578,in front of,in back of,in front of
+2026-02-05T22:37:28Z,OBJ_A,35.0,130.0050046,OBJ_B,35.0000541,130.00400368,OBJ_C,35.0001082,130.0132578,in front of,in back of,in front of
+2026-02-05T22:37:29Z,OBJ_A,35.0,130.0050924,OBJ_B,35.0000541,130.00407392,OBJ_C,35.0001082,130.0132578,in front of,in back of,in front of
+2026-02-05T22:37:30Z,OBJ_A,35.0,130.0051802,OBJ_B,35.0000541,130.00414416,OBJ_C,35.0001082,130.0132578,in front of,in back of,in front of
+2026-02-05T22:37:31Z,OBJ_A,35.0,130.005268,OBJ_B,35.0000541,130.0042144,OBJ_C,35.0001082,130.0132578,in front of,in back of,in front of
+2026-02-05T22:37:32Z,OBJ_A,35.0,130.0053558,OBJ_B,35.0000541,130.00428464,OBJ_C,35.0001082,130.0132578,in front of,in back of,in front of
+2026-02-05T22:37:33Z,OBJ_A,35.0,130.0054436,OBJ_B,35.0000541,130.00435488,OBJ_C,35.0001082,130.0132578,in front of,in back of,in front of
+2026-02-05T22:37:34Z,OBJ_A,35.0,130.0055314,OBJ_B,35.0000541,130.00442512,OBJ_C,35.0001082,130.0132578,in front of,in back of,in front of
+2026-02-05T22:37:35Z,OBJ_A,35.0,130.0056192,OBJ_B,35.0000541,130.00449536,OBJ_C,35.0001082,130.0132578,in front of,in back of,in front of
+2026-02-05T22:37:36Z,OBJ_A,35.0,130.005707,OBJ_B,35.0000541,130.0045656,OBJ_C,35.0001082,130.0132578,in front of,in back of,in front of
+2026-02-05T22:37:37Z,OBJ_A,35.0,130.0057948,OBJ_B,35.0000541,130.00463584,OBJ_C,35.0001082,130.0132578,in front of,in back of,in front of
+2026-02-05T22:37:38Z,OBJ_A,35.0,130.0058826,OBJ_B,35.0000541,130.00470608,OBJ_C,35.0001082,130.0132578,in front of,in back of,in front of
+2026-02-05T22:37:39Z,OBJ_A,35.0,130.0059704,OBJ_B,35.0000541,130.00477632,OBJ_C,35.0001082,130.0132578,in front of,in back of,in front of
+2026-02-05T22:37:40Z,OBJ_A,35.0,130.0060582,OBJ_B,35.0000541,130.00484656,OBJ_C,35.0001082,130.0132578,in front of,in back of,in front of
+2026-02-05T22:37:41Z,OBJ_A,35.0,130.006146,OBJ_B,35.0000541,130.0049168,OBJ_C,35.0001082,130.0132578,in front of,in back of,in front of
+2026-02-05T22:37:42Z,OBJ_A,35.0,130.0062338,OBJ_B,35.0000541,130.00498704,OBJ_C,35.0001082,130.0132578,in front of,in back of,in front of
+2026-02-05T22:37:43Z,OBJ_A,35.0,130.0063216,OBJ_B,35.0000541,130.00505728,OBJ_C,35.0001082,130.0132578,in front of,in back of,in front of
+2026-02-05T22:37:44Z,OBJ_A,35.0,130.0064094,OBJ_B,35.0000541,130.00512752,OBJ_C,35.0001082,130.0132578,in front of,in back of,in front of
+2026-02-05T22:37:45Z,OBJ_A,35.0,130.0064972,OBJ_B,35.0000541,130.00519776,OBJ_C,35.0001082,130.0132578,in front of,in back of,in front of
+2026-02-05T22:37:46Z,OBJ_A,35.0,130.006585,OBJ_B,35.0000541,130.005268,OBJ_C,35.0001082,130.0132578,in front of,in back of,in front of
+2026-02-05T22:37:47Z,OBJ_A,35.0,130.0066728,OBJ_B,35.0000541,130.00533824,OBJ_C,35.0001082,130.0132578,in front of,in back of,in front of
+2026-02-05T22:37:48Z,OBJ_A,35.0,130.0067606,OBJ_B,35.0000541,130.00540848,OBJ_C,35.0001082,130.0132578,in front of,in back of,in front of
+2026-02-05T22:37:49Z,OBJ_A,35.0,130.0068484,OBJ_B,35.0000541,130.00547872,OBJ_C,35.0001082,130.0132578,in front of,in back of,in front of
+2026-02-05T22:37:50Z,OBJ_A,35.0,130.0069362,OBJ_B,35.0000541,130.00554896,OBJ_C,35.0001082,130.0132578,in front of,in back of,in front of
+2026-02-05T22:37:51Z,OBJ_A,35.0,130.007024,OBJ_B,35.0000541,130.0056192,OBJ_C,35.0001082,130.0132578,in front of,in back of,in front of
+2026-02-05T22:37:52Z,OBJ_A,35.0,130.0071118,OBJ_B,35.0000541,130.00568944,OBJ_C,35.0001082,130.0132578,in front of,in back of,in front of
+2026-02-05T22:37:53Z,OBJ_A,35.0,130.0071996,OBJ_B,35.0000541,130.00575968,OBJ_C,35.0001082,130.0132578,in front of,in back of,in front of
+2026-02-05T22:37:54Z,OBJ_A,35.0,130.0072874,OBJ_B,35.0000541,130.00582992,OBJ_C,35.0001082,130.0132578,in front of,in back of,in front of
+2026-02-05T22:37:55Z,OBJ_A,35.0,130.0073752,OBJ_B,35.0000541,130.00590016,OBJ_C,35.0001082,130.0132578,in front of,in back of,in front of
+2026-02-05T22:37:56Z,OBJ_A,35.0,130.007463,OBJ_B,35.0000541,130.0059704,OBJ_C,35.0001082,130.0132578,in front of,in back of,in front of
+2026-02-05T22:37:57Z,OBJ_A,35.0,130.0075508,OBJ_B,35.0000541,130.00604064,OBJ_C,35.0001082,130.0132578,in front of,in back of,in front of
+2026-02-05T22:37:58Z,OBJ_A,35.0,130.0076386,OBJ_B,35.0000541,130.00611088,OBJ_C,35.0001082,130.0132578,in front of,in back of,in front of
+2026-02-05T22:37:59Z,OBJ_A,35.0,130.0077264,OBJ_B,35.0000541,130.00618112,OBJ_C,35.0001082,130.0132578,in front of,in back of,in front of
+2026-02-05T22:38:00Z,OBJ_A,35.0,130.0078142,OBJ_B,35.0000541,130.00625136,OBJ_C,35.0001082,130.0132578,in front of,in back of,in front of
+2026-02-05T22:38:01Z,OBJ_A,35.0,130.007902,OBJ_B,35.0000541,130.0063216,OBJ_C,35.0001082,130.0132578,in front of,in back of,in front of
+2026-02-05T22:38:02Z,OBJ_A,35.0,130.0079898,OBJ_B,35.0000541,130.00639184,OBJ_C,35.0001082,130.0132578,in front of,in back of,in front of
+2026-02-05T22:38:03Z,OBJ_A,35.0,130.0080776,OBJ_B,35.0000541,130.00646208,OBJ_C,35.0001082,130.0132578,in front of,in back of,in front of
+2026-02-05T22:38:04Z,OBJ_A,35.0,130.0081654,OBJ_B,35.0000541,130.00653232,OBJ_C,35.0001082,130.0132578,in front of,in back of,in front of
+2026-02-05T22:38:05Z,OBJ_A,35.0,130.0082532,OBJ_B,35.0000541,130.00660256,OBJ_C,35.0001082,130.0132578,in front of,in back of,in front of
+2026-02-05T22:38:06Z,OBJ_A,35.0,130.008341,OBJ_B,35.0000541,130.0066728,OBJ_C,35.0001082,130.0132578,in front of,in back of,in front of
+2026-02-05T22:38:07Z,OBJ_A,35.0,130.0084288,OBJ_B,35.0000541,130.00674304,OBJ_C,35.0001082,130.0132578,in front of,in back of,in front of
+2026-02-05T22:38:08Z,OBJ_A,35.0,130.0085166,OBJ_B,35.0000541,130.00681328,OBJ_C,35.0001082,130.0132578,in front of,in back of,in front of
+2026-02-05T22:38:09Z,OBJ_A,35.0,130.0086044,OBJ_B,35.0000541,130.00688352,OBJ_C,35.0001082,130.0132578,in front of,in back of,in front of
+2026-02-05T22:38:10Z,OBJ_A,35.0,130.0086922,OBJ_B,35.0000541,130.00695376,OBJ_C,35.0001082,130.0132578,in front of,in back of,in front of
+2026-02-05T22:38:11Z,OBJ_A,35.0,130.00878,OBJ_B,35.0000541,130.007024,OBJ_C,35.0001082,130.0132578,in front of,in back of,in front of
+2026-02-05T22:38:12Z,OBJ_A,35.0,130.0088678,OBJ_B,35.0000541,130.00709424,OBJ_C,35.0001082,130.0132578,in front of,in back of,in front of
+2026-02-05T22:38:13Z,OBJ_A,35.0,130.0089556,OBJ_B,35.0000541,130.00716448,OBJ_C,35.0001082,130.0132578,in front of,in back of,in front of
+2026-02-05T22:38:14Z,OBJ_A,35.0,130.0090434,OBJ_B,35.0000541,130.00723472,OBJ_C,35.0001082,130.0132578,in front of,in back of,in front of
+2026-02-05T22:38:15Z,OBJ_A,35.0,130.0091312,OBJ_B,35.0000541,130.00730496,OBJ_C,35.0001082,130.0132578,in front of,in back of,in front of
+2026-02-05T22:38:16Z,OBJ_A,35.0,130.009219,OBJ_B,35.0000541,130.0073752,OBJ_C,35.0001082,130.0132578,in front of,in back of,in front of
+2026-02-05T22:38:17Z,OBJ_A,35.0,130.0093068,OBJ_B,35.0000541,130.00744544,OBJ_C,35.0001082,130.0132578,in front of,in back of,in front of
+2026-02-05T22:38:18Z,OBJ_A,35.0,130.0093946,OBJ_B,35.0000541,130.00751568,OBJ_C,35.0001082,130.0132578,in front of,in back of,in front of
+2026-02-05T22:38:19Z,OBJ_A,35.0,130.0094824,OBJ_B,35.0000541,130.00758592,OBJ_C,35.0001082,130.0132578,in front of,in back of,in front of
+2026-02-05T22:38:20Z,OBJ_A,35.0,130.0095702,OBJ_B,35.0000541,130.00765616,OBJ_C,35.0001082,130.0132578,in front of,in back of,in front of
+2026-02-05T22:38:21Z,OBJ_A,35.0,130.009658,OBJ_B,35.0000541,130.0077264,OBJ_C,35.0001082,130.0132578,in front of,in back of,in front of
+2026-02-05T22:38:22Z,OBJ_A,35.0,130.0097458,OBJ_B,35.0000541,130.00779664,OBJ_C,35.0001082,130.0132578,in front of,in back of,in front of
+2026-02-05T22:38:23Z,OBJ_A,35.0,130.0098336,OBJ_B,35.0000541,130.00786688,OBJ_C,35.0001082,130.0132578,in front of,in back of,in front of
+2026-02-05T22:38:24Z,OBJ_A,35.0,130.0099214,OBJ_B,35.0000541,130.00793712,OBJ_C,35.0001082,130.0132578,in front of,in back of,in front of
+2026-02-05T22:38:25Z,OBJ_A,35.0,130.0100092,OBJ_B,35.0000541,130.00800736,OBJ_C,35.0001082,130.0132578,in front of,in back of,in front of
+2026-02-05T22:38:26Z,OBJ_A,35.0,130.010097,OBJ_B,35.0000541,130.0080776,OBJ_C,35.0001082,130.0132578,in front of,in back of,in front of
+2026-02-05T22:38:27Z,OBJ_A,35.0,130.0101848,OBJ_B,35.0000541,130.00814784,OBJ_C,35.0001082,130.0132578,in front of,in back of,in front of
+2026-02-05T22:38:28Z,OBJ_A,35.0,130.0102726,OBJ_B,35.0000541,130.00821808,OBJ_C,35.0001082,130.0132578,in front of,in back of,in front of
+2026-02-05T22:38:29Z,OBJ_A,35.0,130.0103604,OBJ_B,35.0000541,130.00828832,OBJ_C,35.0001082,130.0132578,in front of,in back of,in front of
+2026-02-05T22:38:30Z,OBJ_A,35.0,130.0104482,OBJ_B,35.0000541,130.00835856,OBJ_C,35.0001082,130.0132578,in front of,in back of,in front of
+2026-02-05T22:38:31Z,OBJ_A,35.0,130.010536,OBJ_B,35.0000541,130.0084288,OBJ_C,35.0001082,130.0132578,in front of,in back of,in front of
+2026-02-05T22:38:32Z,OBJ_A,35.0,130.0106238,OBJ_B,35.0000541,130.00849904,OBJ_C,35.0001082,130.0132578,in front of,in back of,in front of
+2026-02-05T22:38:33Z,OBJ_A,35.0,130.0107116,OBJ_B,35.0000541,130.00856928,OBJ_C,35.0001082,130.0132578,in front of,in back of,in front of
+2026-02-05T22:38:34Z,OBJ_A,35.0,130.0107994,OBJ_B,35.0000541,130.00863952,OBJ_C,35.0001082,130.0132578,in front of,in back of,in front of
+2026-02-05T22:38:35Z,OBJ_A,35.0,130.0108872,OBJ_B,35.0000541,130.00870976,OBJ_C,35.0001082,130.0132578,in front of,in back of,in front of
+2026-02-05T22:38:36Z,OBJ_A,35.0,130.010975,OBJ_B,35.0000541,130.00878,OBJ_C,35.0001082,130.0132578,in front of,in back of,in front of
+2026-02-05T22:38:37Z,OBJ_A,35.0,130.0110628,OBJ_B,35.0000541,130.00885024,OBJ_C,35.0001082,130.0132578,in front of,in back of,in front of
+2026-02-05T22:38:38Z,OBJ_A,35.0,130.0111506,OBJ_B,35.0000541,130.00892048,OBJ_C,35.0001082,130.0132578,in front of,in back of,in front of
+2026-02-05T22:38:39Z,OBJ_A,35.0,130.0112384,OBJ_B,35.0000541,130.00899072,OBJ_C,35.0001082,130.0132578,in front of,in back of,in front of
+2026-02-05T22:38:40Z,OBJ_A,35.0,130.0113262,OBJ_B,35.0000541,130.00906096,OBJ_C,35.0001082,130.0132578,in front of,in back of,in front of
+2026-02-05T22:38:41Z,OBJ_A,35.0,130.011414,OBJ_B,35.0000541,130.0091312,OBJ_C,35.0001082,130.0132578,in front of,in back of,in front of
+2026-02-05T22:38:42Z,OBJ_A,35.0,130.0115018,OBJ_B,35.0000541,130.00920144,OBJ_C,35.0001082,130.0132578,in front of,in back of,in front of
+2026-02-05T22:38:43Z,OBJ_A,35.0,130.0115896,OBJ_B,35.0000541,130.00927168,OBJ_C,35.0001082,130.0132578,in front of,in back of,in front of
+2026-02-05T22:38:44Z,OBJ_A,35.0,130.0116774,OBJ_B,35.0000541,130.00934192,OBJ_C,35.0001082,130.0132578,in front of,in back of,in front of
+2026-02-05T22:38:45Z,OBJ_A,35.0,130.0117652,OBJ_B,35.0000541,130.00941216,OBJ_C,35.0001082,130.0132578,in front of,in back of,in front of
+2026-02-05T22:38:46Z,OBJ_A,35.0,130.011853,OBJ_B,35.0000541,130.0094824,OBJ_C,35.0001082,130.0132578,in front of,in back of,in front of
+2026-02-05T22:38:47Z,OBJ_A,35.0,130.0119408,OBJ_B,35.0000541,130.00955264,OBJ_C,35.0001082,130.0132578,in front of,in back of,in front of
+2026-02-05T22:38:48Z,OBJ_A,35.0,130.0120286,OBJ_B,35.0000541,130.00962288,OBJ_C,35.0001082,130.0132578,in front of,in back of,in front of
+2026-02-05T22:38:49Z,OBJ_A,35.0,130.0121164,OBJ_B,35.0000541,130.00969312,OBJ_C,35.0001082,130.0132578,in front of,in back of,in front of
+2026-02-05T22:38:50Z,OBJ_A,35.0,130.0122042,OBJ_B,35.0000541,130.00976336,OBJ_C,35.0001082,130.0132578,in front of,in back of,in front of
+2026-02-05T22:38:51Z,OBJ_A,35.0,130.012292,OBJ_B,35.0000541,130.0098336,OBJ_C,35.0001082,130.0132578,in front of,in back of,in front of
+2026-02-05T22:38:52Z,OBJ_A,35.0,130.0123798,OBJ_B,35.0000541,130.00990384,OBJ_C,35.0001082,130.0132578,in front of,in back of,in front of
+2026-02-05T22:38:53Z,OBJ_A,35.0,130.0124676,OBJ_B,35.0000541,130.00997408,OBJ_C,35.0001082,130.0132578,in front of,in back of,in front of
+2026-02-05T22:38:54Z,OBJ_A,35.0,130.0125554,OBJ_B,35.0000541,130.01004432,OBJ_C,35.0001082,130.0132578,in front of,in back of,in front of
+2026-02-05T22:38:55Z,OBJ_A,35.0,130.0126432,OBJ_B,35.0000541,130.01011456,OBJ_C,35.0001082,130.0132578,in front of,in back of,in front of
+2026-02-05T22:38:56Z,OBJ_A,35.0,130.012731,OBJ_B,35.0000541,130.0101848,OBJ_C,35.0001082,130.0132578,in front of,in back of,in front of
+2026-02-05T22:38:57Z,OBJ_A,35.0,130.0128188,OBJ_B,35.0000541,130.01025504,OBJ_C,35.0001082,130.0132578,in front of,in back of,in front of
+2026-02-05T22:38:58Z,OBJ_A,35.0,130.0129066,OBJ_B,35.0000541,130.01032528,OBJ_C,35.0001082,130.0132578,in front of,in back of,in front of
+2026-02-05T22:38:59Z,OBJ_A,35.0,130.0129944,OBJ_B,35.0000541,130.01039552,OBJ_C,35.0001082,130.0132578,in front of,in back of,in front of
+2026-02-05T22:39:00Z,OBJ_A,35.0,130.0130822,OBJ_B,35.0000541,130.01046576,OBJ_C,35.0001082,130.0132578,in front of,in back of,in front of
+2026-02-05T22:39:01Z,OBJ_A,35.0,130.01317,OBJ_B,35.0000541,130.010536,OBJ_C,35.0001082,130.0132578,in front of,in back of,in front of
+2026-02-05T22:39:01Z,OBJ_A,35.0,130.01317,OBJ_B,35.0000541,130.01317,OBJ_C,35.0001082,130.01317,in front of,in back of,side by side
+2026-02-05T22:39:02Z,OBJ_A,35.0,130.0132578,OBJ_B,35.0000541,130.0132578,OBJ_C,35.0001082,130.0132578,in front of,in back of,side by side
+2026-02-05T22:39:03Z,OBJ_A,35.0,130.0133456,OBJ_B,35.0000541,130.0133456,OBJ_C,35.0001082,130.0133456,in front of,in back of,side by side
+2026-02-05T22:39:04Z,OBJ_A,35.0,130.0134334,OBJ_B,35.0000541,130.0134334,OBJ_C,35.0001082,130.0134334,in front of,in back of,side by side
+2026-02-05T22:39:05Z,OBJ_A,35.0,130.0135212,OBJ_B,35.0000541,130.0135212,OBJ_C,35.0001082,130.0135212,in front of,in back of,side by side
+2026-02-05T22:39:06Z,OBJ_A,35.0,130.013609,OBJ_B,35.0000541,130.013609,OBJ_C,35.0001082,130.013609,in front of,in back of,side by side
+2026-02-05T22:39:07Z,OBJ_A,35.0,130.0136968,OBJ_B,35.0000541,130.0136968,OBJ_C,35.0001082,130.0136968,in front of,in back of,side by side
+2026-02-05T22:39:08Z,OBJ_A,35.0,130.0137846,OBJ_B,35.0000541,130.0137846,OBJ_C,35.0001082,130.0137846,in front of,in back of,side by side
+2026-02-05T22:39:09Z,OBJ_A,35.0,130.0138724,OBJ_B,35.0000541,130.0138724,OBJ_C,35.0001082,130.0138724,in front of,in back of,side by side
+2026-02-05T22:39:10Z,OBJ_A,35.0,130.0139602,OBJ_B,35.0000541,130.0139602,OBJ_C,35.0001082,130.0139602,in front of,in back of,side by side
+2026-02-05T22:39:11Z,OBJ_A,35.0,130.014048,OBJ_B,35.0000541,130.014048,OBJ_C,35.0001082,130.014048,in front of,in back of,side by side
+2026-02-05T22:39:12Z,OBJ_A,35.0,130.0141358,OBJ_B,35.0000541,130.0141358,OBJ_C,35.0001082,130.0141358,in front of,in back of,side by side
+2026-02-05T22:39:13Z,OBJ_A,35.0,130.0142236,OBJ_B,35.0000541,130.0142236,OBJ_C,35.0001082,130.0142236,in front of,in back of,side by side
+2026-02-05T22:39:14Z,OBJ_A,35.0,130.0143114,OBJ_B,35.0000541,130.0143114,OBJ_C,35.0001082,130.0143114,in front of,in back of,side by side
+2026-02-05T22:39:15Z,OBJ_A,35.0,130.0143992,OBJ_B,35.0000541,130.0143992,OBJ_C,35.0001082,130.0143992,in front of,in back of,side by side
+2026-02-05T22:39:16Z,OBJ_A,35.0,130.014487,OBJ_B,35.0000541,130.014487,OBJ_C,35.0001082,130.014487,in front of,in back of,side by side
+2026-02-05T22:39:17Z,OBJ_A,35.0,130.0145748,OBJ_B,35.0000541,130.0145748,OBJ_C,35.0001082,130.0145748,in front of,in back of,side by side
+2026-02-05T22:39:18Z,OBJ_A,35.0,130.0146626,OBJ_B,35.0000541,130.0146626,OBJ_C,35.0001082,130.0146626,in front of,in back of,side by side
+2026-02-05T22:39:19Z,OBJ_A,35.0,130.0147504,OBJ_B,35.0000541,130.0147504,OBJ_C,35.0001082,130.0147504,in front of,in back of,side by side
+2026-02-05T22:39:20Z,OBJ_A,35.0,130.0148382,OBJ_B,35.0000541,130.0148382,OBJ_C,35.0001082,130.0148382,in front of,in back of,side by side
+2026-02-05T22:39:21Z,OBJ_A,35.0,130.014926,OBJ_B,35.0000541,130.014926,OBJ_C,35.0001082,130.014926,in front of,in back of,side by side
+2026-02-05T22:39:22Z,OBJ_A,35.0,130.0150138,OBJ_B,35.0000541,130.0150138,OBJ_C,35.0001082,130.0150138,in front of,in back of,side by side
+2026-02-05T22:39:23Z,OBJ_A,35.0,130.0151016,OBJ_B,35.0000541,130.0151016,OBJ_C,35.0001082,130.0151016,in front of,in back of,side by side
+2026-02-05T22:39:24Z,OBJ_A,35.0,130.0151894,OBJ_B,35.0000541,130.0151894,OBJ_C,35.0001082,130.0151894,in front of,in back of,side by side
+2026-02-05T22:39:25Z,OBJ_A,35.0,130.0152772,OBJ_B,35.0000541,130.0152772,OBJ_C,35.0001082,130.0152772,in front of,in back of,side by side
+2026-02-05T22:39:26Z,OBJ_A,35.0,130.015365,OBJ_B,35.0000541,130.015365,OBJ_C,35.0001082,130.015365,in front of,in back of,side by side
+2026-02-05T22:39:27Z,OBJ_A,35.0,130.0154528,OBJ_B,35.0000541,130.0154528,OBJ_C,35.0001082,130.0154528,in front of,in back of,side by side
+2026-02-05T22:39:28Z,OBJ_A,35.0,130.0155406,OBJ_B,35.0000541,130.0155406,OBJ_C,35.0001082,130.0155406,in front of,in back of,side by side
+2026-02-05T22:39:29Z,OBJ_A,35.0,130.0156284,OBJ_B,35.0000541,130.0156284,OBJ_C,35.0001082,130.0156284,in front of,in back of,side by side
+2026-02-05T22:39:30Z,OBJ_A,35.0,130.0157162,OBJ_B,35.0000541,130.0157162,OBJ_C,35.0001082,130.0157162,in front of,in back of,side by side
+2026-02-05T22:39:31Z,OBJ_A,35.0,130.015804,OBJ_B,35.0000541,130.015804,OBJ_C,35.0001082,130.015804,in front of,in back of,side by side
+2026-02-05T22:39:32Z,OBJ_A,35.0,130.0158918,OBJ_B,35.0000541,130.0158918,OBJ_C,35.0001082,130.0158918,in front of,in back of,side by side
+2026-02-05T22:39:33Z,OBJ_A,35.0,130.0159796,OBJ_B,35.0000541,130.0159796,OBJ_C,35.0001082,130.0159796,in front of,in back of,side by side
+2026-02-05T22:39:34Z,OBJ_A,35.0,130.0160674,OBJ_B,35.0000541,130.0160674,OBJ_C,35.0001082,130.0160674,in front of,in back of,side by side
+2026-02-05T22:39:35Z,OBJ_A,35.0,130.0161552,OBJ_B,35.0000541,130.0161552,OBJ_C,35.0001082,130.0161552,in front of,in back of,side by side
+2026-02-05T22:39:36Z,OBJ_A,35.0,130.016243,OBJ_B,35.0000541,130.016243,OBJ_C,35.0001082,130.016243,in front of,in back of,side by side
+2026-02-05T22:39:37Z,OBJ_A,35.0,130.0163308,OBJ_B,35.0000541,130.0163308,OBJ_C,35.0001082,130.0163308,in front of,in back of,side by side
+2026-02-05T22:39:38Z,OBJ_A,35.0,130.0164186,OBJ_B,35.0000541,130.0164186,OBJ_C,35.0001082,130.0164186,in front of,in back of,side by side
+2026-02-05T22:39:39Z,OBJ_A,35.0,130.0165064,OBJ_B,35.0000541,130.0165064,OBJ_C,35.0001082,130.0165064,in front of,in back of,side by side
+2026-02-05T22:39:40Z,OBJ_A,35.0,130.0165942,OBJ_B,35.0000541,130.0165942,OBJ_C,35.0001082,130.0165942,in front of,in back of,side by side
+2026-02-05T22:39:41Z,OBJ_A,35.0,130.016682,OBJ_B,35.0000541,130.016682,OBJ_C,35.0001082,130.016682,in front of,in back of,side by side
+2026-02-05T22:39:42Z,OBJ_A,35.0,130.0167698,OBJ_B,35.0000541,130.0167698,OBJ_C,35.0001082,130.0167698,in front of,in back of,side by side
+2026-02-05T22:39:43Z,OBJ_A,35.0,130.0168576,OBJ_B,35.0000541,130.0168576,OBJ_C,35.0001082,130.0168576,in front of,in back of,side by side
+2026-02-05T22:39:44Z,OBJ_A,35.0,130.0169454,OBJ_B,35.0000541,130.0169454,OBJ_C,35.0001082,130.0169454,in front of,in back of,side by side
+2026-02-05T22:39:45Z,OBJ_A,35.0,130.0170332,OBJ_B,35.0000541,130.0170332,OBJ_C,35.0001082,130.0170332,in front of,in back of,side by side
+2026-02-05T22:39:46Z,OBJ_A,35.0,130.017121,OBJ_B,35.0000541,130.017121,OBJ_C,35.0001082,130.017121,in front of,in back of,side by side
+2026-02-05T22:39:47Z,OBJ_A,35.0,130.0172088,OBJ_B,35.0000541,130.0172088,OBJ_C,35.0001082,130.0172088,in front of,in back of,side by side
+2026-02-05T22:39:48Z,OBJ_A,35.0,130.0172966,OBJ_B,35.0000541,130.0172966,OBJ_C,35.0001082,130.0172966,in front of,in back of,side by side
+2026-02-05T22:39:49Z,OBJ_A,35.0,130.0173844,OBJ_B,35.0000541,130.0173844,OBJ_C,35.0001082,130.0173844,in front of,in back of,side by side
+2026-02-05T22:39:50Z,OBJ_A,35.0,130.0174722,OBJ_B,35.0000541,130.0174722,OBJ_C,35.0001082,130.0174722,in front of,in back of,side by side
+2026-02-05T22:39:51Z,OBJ_A,35.0,130.01756,OBJ_B,35.0000541,130.01756,OBJ_C,35.0001082,130.01756,in front of,in back of,side by side
+2026-02-05T22:39:52Z,OBJ_A,35.0,130.0176478,OBJ_B,35.0000541,130.0176478,OBJ_C,35.0001082,130.0176478,in front of,in back of,side by side
+2026-02-05T22:39:53Z,OBJ_A,35.0,130.0177356,OBJ_B,35.0000541,130.0177356,OBJ_C,35.0001082,130.0177356,in front of,in back of,side by side
+2026-02-05T22:39:54Z,OBJ_A,35.0,130.0178234,OBJ_B,35.0000541,130.0178234,OBJ_C,35.0001082,130.0178234,in front of,in back of,side by side
+2026-02-05T22:39:55Z,OBJ_A,35.0,130.0179112,OBJ_B,35.0000541,130.0179112,OBJ_C,35.0001082,130.0179112,in front of,in back of,side by side
+2026-02-05T22:39:56Z,OBJ_A,35.0,130.017999,OBJ_B,35.0000541,130.017999,OBJ_C,35.0001082,130.017999,in front of,in back of,side by side
+2026-02-05T22:39:57Z,OBJ_A,35.0,130.0180868,OBJ_B,35.0000541,130.0180868,OBJ_C,35.0001082,130.0180868,in front of,in back of,side by side
+2026-02-05T22:39:58Z,OBJ_A,35.0,130.0181746,OBJ_B,35.0000541,130.0181746,OBJ_C,35.0001082,130.0181746,in front of,in back of,side by side
+2026-02-05T22:39:59Z,OBJ_A,35.0,130.0182624,OBJ_B,35.0000541,130.0182624,OBJ_C,35.0001082,130.0182624,in front of,in back of,side by side
+2026-02-05T22:40:00Z,OBJ_A,35.0,130.0183502,OBJ_B,35.0000541,130.0183502,OBJ_C,35.0001082,130.0183502,in front of,in back of,side by side
+2026-02-05T22:40:01Z,OBJ_A,35.0,130.018438,OBJ_B,35.0000541,130.018438,OBJ_C,35.0001082,130.018438,in front of,in back of,side by side
+2026-02-05T22:40:02Z,OBJ_A,35.0,130.0185258,OBJ_B,35.0000541,130.0185258,OBJ_C,35.0001082,130.0185258,in front of,in back of,side by side
+2026-02-05T22:40:03Z,OBJ_A,35.0,130.0186136,OBJ_B,35.0000541,130.0186136,OBJ_C,35.0001082,130.0186136,in front of,in back of,side by side
+2026-02-05T22:40:04Z,OBJ_A,35.0,130.0187014,OBJ_B,35.0000541,130.0187014,OBJ_C,35.0001082,130.0187014,in front of,in back of,side by side
+2026-02-05T22:40:05Z,OBJ_A,35.0,130.0187892,OBJ_B,35.0000541,130.0187892,OBJ_C,35.0001082,130.0187892,in front of,in back of,side by side
+2026-02-05T22:40:06Z,OBJ_A,35.0,130.018877,OBJ_B,35.0000541,130.018877,OBJ_C,35.0001082,130.018877,in front of,in back of,side by side
+2026-02-05T22:40:07Z,OBJ_A,35.0,130.0189648,OBJ_B,35.0000541,130.0189648,OBJ_C,35.0001082,130.0189648,in front of,in back of,side by side
+2026-02-05T22:40:08Z,OBJ_A,35.0,130.0190526,OBJ_B,35.0000541,130.0190526,OBJ_C,35.0001082,130.0190526,in front of,in back of,side by side
+2026-02-05T22:40:09Z,OBJ_A,35.0,130.0191404,OBJ_B,35.0000541,130.0191404,OBJ_C,35.0001082,130.0191404,in front of,in back of,side by side
+2026-02-05T22:40:10Z,OBJ_A,35.0,130.0192282,OBJ_B,35.0000541,130.0192282,OBJ_C,35.0001082,130.0192282,in front of,in back of,side by side
+2026-02-05T22:40:11Z,OBJ_A,35.0,130.019316,OBJ_B,35.0000541,130.019316,OBJ_C,35.0001082,130.019316,in front of,in back of,side by side
+2026-02-05T22:40:12Z,OBJ_A,35.0,130.0194038,OBJ_B,35.0000541,130.0194038,OBJ_C,35.0001082,130.0194038,in front of,in back of,side by side
+2026-02-05T22:40:13Z,OBJ_A,35.0,130.0194916,OBJ_B,35.0000541,130.0194916,OBJ_C,35.0001082,130.0194916,in front of,in back of,side by side
+2026-02-05T22:40:14Z,OBJ_A,35.0,130.0195794,OBJ_B,35.0000541,130.0195794,OBJ_C,35.0001082,130.0195794,in front of,in back of,side by side
+2026-02-05T22:40:15Z,OBJ_A,35.0,130.0196672,OBJ_B,35.0000541,130.0196672,OBJ_C,35.0001082,130.0196672,in front of,in back of,side by side
+2026-02-05T22:40:16Z,OBJ_A,35.0,130.019755,OBJ_B,35.0000541,130.019755,OBJ_C,35.0001082,130.019755,in front of,in back of,side by side
+2026-02-05T22:40:17Z,OBJ_A,35.0,130.0198428,OBJ_B,35.0000541,130.0198428,OBJ_C,35.0001082,130.0198428,in front of,in back of,side by side
+2026-02-05T22:40:18Z,OBJ_A,35.0,130.0199306,OBJ_B,35.0000541,130.0199306,OBJ_C,35.0001082,130.0199306,in front of,in back of,side by side
+2026-02-05T22:40:19Z,OBJ_A,35.0,130.0200184,OBJ_B,35.0000541,130.0200184,OBJ_C,35.0001082,130.0200184,in front of,in back of,side by side
+2026-02-05T22:40:20Z,OBJ_A,35.0,130.0201062,OBJ_B,35.0000541,130.0201062,OBJ_C,35.0001082,130.0201062,in front of,in back of,side by side
+2026-02-05T22:40:21Z,OBJ_A,35.0,130.020194,OBJ_B,35.0000541,130.020194,OBJ_C,35.0001082,130.020194,in front of,in back of,side by side
+2026-02-05T22:40:22Z,OBJ_A,35.0,130.0202818,OBJ_B,35.0000541,130.0202818,OBJ_C,35.0001082,130.0202818,in front of,in back of,side by side
+2026-02-05T22:40:23Z,OBJ_A,35.0,130.0203696,OBJ_B,35.0000541,130.0203696,OBJ_C,35.0001082,130.0203696,in front of,in back of,side by side
+2026-02-05T22:40:24Z,OBJ_A,35.0,130.0204574,OBJ_B,35.0000541,130.0204574,OBJ_C,35.0001082,130.0204574,in front of,in back of,side by side
+2026-02-05T22:40:25Z,OBJ_A,35.0,130.0205452,OBJ_B,35.0000541,130.0205452,OBJ_C,35.0001082,130.0205452,in front of,in back of,side by side
+2026-02-05T22:40:26Z,OBJ_A,35.0,130.020633,OBJ_B,35.0000541,130.020633,OBJ_C,35.0001082,130.020633,in front of,in back of,side by side
+2026-02-05T22:40:27Z,OBJ_A,35.0,130.0207208,OBJ_B,35.0000541,130.0207208,OBJ_C,35.0001082,130.0207208,in front of,in back of,side by side
+2026-02-05T22:40:28Z,OBJ_A,35.0,130.0208086,OBJ_B,35.0000541,130.0208086,OBJ_C,35.0001082,130.0208086,in front of,in back of,side by side
+2026-02-05T22:40:29Z,OBJ_A,35.0,130.0208964,OBJ_B,35.0000541,130.0208964,OBJ_C,35.0001082,130.0208964,in front of,in back of,side by side
+2026-02-05T22:40:30Z,OBJ_A,35.0,130.0209842,OBJ_B,35.0000541,130.0209842,OBJ_C,35.0001082,130.0209842,in front of,in back of,side by side
+2026-02-05T22:40:31Z,OBJ_A,35.0,130.021072,OBJ_B,35.0000541,130.021072,OBJ_C,35.0001082,130.021072,in front of,in back of,side by side
+2026-02-05T22:40:32Z,OBJ_A,35.0,130.0211598,OBJ_B,35.0000541,130.0211598,OBJ_C,35.0001082,130.0211598,in front of,in back of,side by side
+2026-02-05T22:40:33Z,OBJ_A,35.0,130.0212476,OBJ_B,35.0000541,130.0212476,OBJ_C,35.0001082,130.0212476,in front of,in back of,side by side
+2026-02-05T22:40:34Z,OBJ_A,35.0,130.0213354,OBJ_B,35.0000541,130.0213354,OBJ_C,35.0001082,130.0213354,in front of,in back of,side by side
+2026-02-05T22:40:35Z,OBJ_A,35.0,130.0214232,OBJ_B,35.0000541,130.0214232,OBJ_C,35.0001082,130.0214232,in front of,in back of,side by side
+2026-02-05T22:40:36Z,OBJ_A,35.0,130.021511,OBJ_B,35.0000541,130.021511,OBJ_C,35.0001082,130.021511,in front of,in back of,side by side
+2026-02-05T22:40:37Z,OBJ_A,35.0,130.0215988,OBJ_B,35.0000541,130.0215988,OBJ_C,35.0001082,130.0215988,in front of,in back of,side by side
+2026-02-05T22:40:38Z,OBJ_A,35.0,130.0216866,OBJ_B,35.0000541,130.0216866,OBJ_C,35.0001082,130.0216866,in front of,in back of,side by side
+2026-02-05T22:40:39Z,OBJ_A,35.0,130.0217744,OBJ_B,35.0000541,130.0217744,OBJ_C,35.0001082,130.0217744,in front of,in back of,side by side
+2026-02-05T22:40:40Z,OBJ_A,35.0,130.0218622,OBJ_B,35.0000541,130.0218622,OBJ_C,35.0001082,130.0218622,in front of,in back of,side by side
+2026-02-05T22:40:41Z,OBJ_A,35.0,130.02195,OBJ_B,35.0000541,130.02195,OBJ_C,35.0001082,130.02195,in front of,in back of,side by side
+2026-02-05T22:40:42Z,OBJ_A,35.0,130.0220378,OBJ_B,35.0000541,130.0220378,OBJ_C,35.0001082,130.0220378,in front of,in back of,side by side
+2026-02-05T22:40:43Z,OBJ_A,35.0,130.0221256,OBJ_B,35.0000541,130.0221256,OBJ_C,35.0001082,130.0221256,in front of,in back of,side by side
+2026-02-05T22:40:44Z,OBJ_A,35.0,130.0222134,OBJ_B,35.0000541,130.0222134,OBJ_C,35.0001082,130.0222134,in front of,in back of,side by side
+2026-02-05T22:40:45Z,OBJ_A,35.0,130.0223012,OBJ_B,35.0000541,130.0223012,OBJ_C,35.0001082,130.0223012,in front of,in back of,side by side
+2026-02-05T22:40:46Z,OBJ_A,35.0,130.022389,OBJ_B,35.0000541,130.022389,OBJ_C,35.0001082,130.022389,in front of,in back of,side by side
+2026-02-05T22:40:47Z,OBJ_A,35.0,130.0224768,OBJ_B,35.0000541,130.0224768,OBJ_C,35.0001082,130.0224768,in front of,in back of,side by side
+2026-02-05T22:40:48Z,OBJ_A,35.0,130.0225646,OBJ_B,35.0000541,130.0225646,OBJ_C,35.0001082,130.0225646,in front of,in back of,side by side
+2026-02-05T22:40:49Z,OBJ_A,35.0,130.0226524,OBJ_B,35.0000541,130.0226524,OBJ_C,35.0001082,130.0226524,in front of,in back of,side by side
+2026-02-05T22:40:50Z,OBJ_A,35.0,130.0227402,OBJ_B,35.0000541,130.0227402,OBJ_C,35.0001082,130.0227402,in front of,in back of,side by side
+2026-02-05T22:40:51Z,OBJ_A,35.0,130.022828,OBJ_B,35.0000541,130.022828,OBJ_C,35.0001082,130.022828,in front of,in back of,side by side
+2026-02-05T22:40:52Z,OBJ_A,35.0,130.0229158,OBJ_B,35.0000541,130.0229158,OBJ_C,35.0001082,130.0229158,in front of,in back of,side by side
+2026-02-05T22:40:53Z,OBJ_A,35.0,130.0230036,OBJ_B,35.0000541,130.0230036,OBJ_C,35.0001082,130.0230036,in front of,in back of,side by side
+2026-02-05T22:40:54Z,OBJ_A,35.0,130.0230914,OBJ_B,35.0000541,130.0230914,OBJ_C,35.0001082,130.0230914,in front of,in back of,side by side
+2026-02-05T22:40:55Z,OBJ_A,35.0,130.0231792,OBJ_B,35.0000541,130.0231792,OBJ_C,35.0001082,130.0231792,in front of,in back of,side by side
+2026-02-05T22:40:56Z,OBJ_A,35.0,130.023267,OBJ_B,35.0000541,130.023267,OBJ_C,35.0001082,130.023267,in front of,in back of,side by side
+2026-02-05T22:40:57Z,OBJ_A,35.0,130.0233548,OBJ_B,35.0000541,130.0233548,OBJ_C,35.0001082,130.0233548,in front of,in back of,side by side
+2026-02-05T22:40:58Z,OBJ_A,35.0,130.0234426,OBJ_B,35.0000541,130.0234426,OBJ_C,35.0001082,130.0234426,in front of,in back of,side by side
+2026-02-05T22:40:59Z,OBJ_A,35.0,130.0235304,OBJ_B,35.0000541,130.0235304,OBJ_C,35.0001082,130.0235304,in front of,in back of,side by side
+2026-02-05T22:41:00Z,OBJ_A,35.0,130.0236182,OBJ_B,35.0000541,130.0236182,OBJ_C,35.0001082,130.0236182,in front of,in back of,side by side
+2026-02-05T22:41:01Z,OBJ_A,35.0,130.023706,OBJ_B,35.0000541,130.023706,OBJ_C,35.0001082,130.023706,in front of,in back of,side by side
+2026-02-05T22:41:02Z,OBJ_A,35.0,130.0237938,OBJ_B,35.0000541,130.0237938,OBJ_C,35.0001082,130.0237938,in front of,in back of,side by side
+2026-02-05T22:41:03Z,OBJ_A,35.0,130.0238816,OBJ_B,35.0000541,130.0238816,OBJ_C,35.0001082,130.0238816,in front of,in back of,side by side
+2026-02-05T22:41:04Z,OBJ_A,35.0,130.0239694,OBJ_B,35.0000541,130.0239694,OBJ_C,35.0001082,130.0239694,in front of,in back of,side by side
+2026-02-05T22:41:05Z,OBJ_A,35.0,130.0240572,OBJ_B,35.0000541,130.0240572,OBJ_C,35.0001082,130.0240572,in front of,in back of,side by side
+2026-02-05T22:41:06Z,OBJ_A,35.0,130.024145,OBJ_B,35.0000541,130.024145,OBJ_C,35.0001082,130.024145,in front of,in back of,side by side
+2026-02-05T22:41:07Z,OBJ_A,35.0,130.0242328,OBJ_B,35.0000541,130.0242328,OBJ_C,35.0001082,130.0242328,in front of,in back of,side by side
+2026-02-05T22:41:08Z,OBJ_A,35.0,130.0243206,OBJ_B,35.0000541,130.0243206,OBJ_C,35.0001082,130.0243206,in front of,in back of,side by side
+2026-02-05T22:41:09Z,OBJ_A,35.0,130.0244084,OBJ_B,35.0000541,130.0244084,OBJ_C,35.0001082,130.0244084,in front of,in back of,side by side
+2026-02-05T22:41:10Z,OBJ_A,35.0,130.0244962,OBJ_B,35.0000541,130.0244962,OBJ_C,35.0001082,130.0244962,in front of,in back of,side by side
+2026-02-05T22:41:11Z,OBJ_A,35.0,130.024584,OBJ_B,35.0000541,130.024584,OBJ_C,35.0001082,130.024584,in front of,in back of,side by side
+2026-02-05T22:41:12Z,OBJ_A,35.0,130.0246718,OBJ_B,35.0000541,130.0246718,OBJ_C,35.0001082,130.0246718,in front of,in back of,side by side
+2026-02-05T22:41:13Z,OBJ_A,35.0,130.0247596,OBJ_B,35.0000541,130.0247596,OBJ_C,35.0001082,130.0247596,in front of,in back of,side by side
+2026-02-05T22:41:14Z,OBJ_A,35.0,130.0248474,OBJ_B,35.0000541,130.0248474,OBJ_C,35.0001082,130.0248474,in front of,in back of,side by side
+2026-02-05T22:41:15Z,OBJ_A,35.0,130.0249352,OBJ_B,35.0000541,130.0249352,OBJ_C,35.0001082,130.0249352,in front of,in back of,side by side
+2026-02-05T22:41:16Z,OBJ_A,35.0,130.025023,OBJ_B,35.0000541,130.025023,OBJ_C,35.0001082,130.025023,in front of,in back of,side by side
+2026-02-05T22:41:17Z,OBJ_A,35.0,130.0251108,OBJ_B,35.0000541,130.0251108,OBJ_C,35.0001082,130.0251108,in front of,in back of,side by side
+2026-02-05T22:41:18Z,OBJ_A,35.0,130.0251986,OBJ_B,35.0000541,130.0251986,OBJ_C,35.0001082,130.0251986,in front of,in back of,side by side
+2026-02-05T22:41:19Z,OBJ_A,35.0,130.0252864,OBJ_B,35.0000541,130.0252864,OBJ_C,35.0001082,130.0252864,in front of,in back of,side by side
+2026-02-05T22:41:20Z,OBJ_A,35.0,130.0253742,OBJ_B,35.0000541,130.0253742,OBJ_C,35.0001082,130.0253742,in front of,in back of,side by side
+2026-02-05T22:41:21Z,OBJ_A,35.0,130.025462,OBJ_B,35.0000541,130.025462,OBJ_C,35.0001082,130.025462,in front of,in back of,side by side
+2026-02-05T22:41:22Z,OBJ_A,35.0,130.0255498,OBJ_B,35.0000541,130.0255498,OBJ_C,35.0001082,130.0255498,in front of,in back of,side by side
+2026-02-05T22:41:23Z,OBJ_A,35.0,130.0256376,OBJ_B,35.0000541,130.0256376,OBJ_C,35.0001082,130.0256376,in front of,in back of,side by side
+2026-02-05T22:41:24Z,OBJ_A,35.0,130.0257254,OBJ_B,35.0000541,130.0257254,OBJ_C,35.0001082,130.0257254,in front of,in back of,side by side
+2026-02-05T22:41:25Z,OBJ_A,35.0,130.0258132,OBJ_B,35.0000541,130.0258132,OBJ_C,35.0001082,130.0258132,in front of,in back of,side by side
+2026-02-05T22:41:26Z,OBJ_A,35.0,130.025901,OBJ_B,35.0000541,130.025901,OBJ_C,35.0001082,130.025901,in front of,in back of,side by side
+2026-02-05T22:41:27Z,OBJ_A,35.0,130.0259888,OBJ_B,35.0000541,130.0259888,OBJ_C,35.0001082,130.0259888,in front of,in back of,side by side
+2026-02-05T22:41:28Z,OBJ_A,35.0,130.0260766,OBJ_B,35.0000541,130.0260766,OBJ_C,35.0001082,130.0260766,in front of,in back of,side by side
+2026-02-05T22:41:29Z,OBJ_A,35.0,130.0261644,OBJ_B,35.0000541,130.0261644,OBJ_C,35.0001082,130.0261644,in front of,in back of,side by side
+2026-02-05T22:41:30Z,OBJ_A,35.0,130.0262522,OBJ_B,35.0000541,130.0262522,OBJ_C,35.0001082,130.0262522,in front of,in back of,side by side
+2026-02-05T22:41:31Z,OBJ_A,35.0,130.02634,OBJ_B,35.0000541,130.02634,OBJ_C,35.0001082,130.02634,in front of,in back of,side by side
+2026-02-05T22:41:31Z,OBJ_A,35.0,130.02634,OBJ_B,35.0000541,130.034242,OBJ_C,35.0001082,130.02634,in front of,in back of,side by side
+2026-02-05T22:41:32Z,OBJ_A,35.0,130.0264278,OBJ_B,35.0000541,130.03435614,OBJ_C,35.0001082,130.0264278,in front of,in back of,side by side
+2026-02-05T22:41:33Z,OBJ_A,35.0,130.0265156,OBJ_B,35.0000541,130.03447028,OBJ_C,35.0001082,130.0265156,in front of,in back of,side by side
+2026-02-05T22:41:34Z,OBJ_A,35.0,130.0266034,OBJ_B,35.0000541,130.03458442,OBJ_C,35.0001082,130.0266034,in front of,in back of,side by side
+2026-02-05T22:41:35Z,OBJ_A,35.0,130.0266912,OBJ_B,35.0000541,130.03469856,OBJ_C,35.0001082,130.0266912,in front of,in back of,side by side
+2026-02-05T22:41:36Z,OBJ_A,35.0,130.026779,OBJ_B,35.0000541,130.0348127,OBJ_C,35.0001082,130.026779,in front of,in back of,side by side
+2026-02-05T22:41:37Z,OBJ_A,35.0,130.0268668,OBJ_B,35.0000541,130.03492684,OBJ_C,35.0001082,130.0268668,in front of,in back of,side by side
+2026-02-05T22:41:38Z,OBJ_A,35.0,130.0269546,OBJ_B,35.0000541,130.03504098,OBJ_C,35.0001082,130.0269546,in front of,in back of,side by side
+2026-02-05T22:41:39Z,OBJ_A,35.0,130.0270424,OBJ_B,35.0000541,130.03515512,OBJ_C,35.0001082,130.0270424,in front of,in back of,side by side
+2026-02-05T22:41:40Z,OBJ_A,35.0,130.0271302,OBJ_B,35.0000541,130.03526926,OBJ_C,35.0001082,130.0271302,in front of,in back of,side by side
+2026-02-05T22:41:41Z,OBJ_A,35.0,130.027218,OBJ_B,35.0000541,130.0353834,OBJ_C,35.0001082,130.027218,in front of,in back of,side by side
+2026-02-05T22:41:42Z,OBJ_A,35.0,130.0273058,OBJ_B,35.0000541,130.03549754,OBJ_C,35.0001082,130.0273058,in front of,in back of,side by side
+2026-02-05T22:41:43Z,OBJ_A,35.0,130.0273936,OBJ_B,35.0000541,130.03561168,OBJ_C,35.0001082,130.0273936,in front of,in back of,side by side
+2026-02-05T22:41:44Z,OBJ_A,35.0,130.0274814,OBJ_B,35.0000541,130.03572582,OBJ_C,35.0001082,130.0274814,in front of,in back of,side by side
+2026-02-05T22:41:45Z,OBJ_A,35.0,130.0275692,OBJ_B,35.0000541,130.03583996,OBJ_C,35.0001082,130.0275692,in front of,in back of,side by side
+2026-02-05T22:41:46Z,OBJ_A,35.0,130.027657,OBJ_B,35.0000541,130.0359541,OBJ_C,35.0001082,130.027657,in front of,in back of,side by side
+2026-02-05T22:41:47Z,OBJ_A,35.0,130.0277448,OBJ_B,35.0000541,130.03606824,OBJ_C,35.0001082,130.0277448,in front of,in back of,side by side
+2026-02-05T22:41:48Z,OBJ_A,35.0,130.0278326,OBJ_B,35.0000541,130.03618238,OBJ_C,35.0001082,130.0278326,in front of,in back of,side by side
+2026-02-05T22:41:49Z,OBJ_A,35.0,130.0279204,OBJ_B,35.0000541,130.03629652,OBJ_C,35.0001082,130.0279204,in front of,in back of,side by side
+2026-02-05T22:41:50Z,OBJ_A,35.0,130.0280082,OBJ_B,35.0000541,130.03641066,OBJ_C,35.0001082,130.0280082,in front of,in back of,side by side
+2026-02-05T22:41:51Z,OBJ_A,35.0,130.028096,OBJ_B,35.0000541,130.0365248,OBJ_C,35.0001082,130.028096,in front of,in back of,side by side
+2026-02-05T22:41:52Z,OBJ_A,35.0,130.0281838,OBJ_B,35.0000541,130.03663894,OBJ_C,35.0001082,130.0281838,in front of,in back of,side by side
+2026-02-05T22:41:53Z,OBJ_A,35.0,130.0282716,OBJ_B,35.0000541,130.03675308,OBJ_C,35.0001082,130.0282716,in front of,in back of,side by side
+2026-02-05T22:41:54Z,OBJ_A,35.0,130.0283594,OBJ_B,35.0000541,130.03686722,OBJ_C,35.0001082,130.0283594,in front of,in back of,side by side
+2026-02-05T22:41:55Z,OBJ_A,35.0,130.0284472,OBJ_B,35.0000541,130.03698136,OBJ_C,35.0001082,130.0284472,in front of,in back of,side by side
+2026-02-05T22:41:56Z,OBJ_A,35.0,130.028535,OBJ_B,35.0000541,130.0370955,OBJ_C,35.0001082,130.028535,in front of,in back of,side by side
+2026-02-05T22:41:57Z,OBJ_A,35.0,130.0286228,OBJ_B,35.0000541,130.03720964,OBJ_C,35.0001082,130.0286228,in front of,in back of,side by side
+2026-02-05T22:41:58Z,OBJ_A,35.0,130.0287106,OBJ_B,35.0000541,130.03732378,OBJ_C,35.0001082,130.0287106,in front of,in back of,side by side
+2026-02-05T22:41:59Z,OBJ_A,35.0,130.0287984,OBJ_B,35.0000541,130.03743792,OBJ_C,35.0001082,130.0287984,in front of,in back of,side by side
+2026-02-05T22:42:00Z,OBJ_A,35.0,130.0288862,OBJ_B,35.0000541,130.03755206,OBJ_C,35.0001082,130.0288862,in front of,in back of,side by side
+2026-02-05T22:42:01Z,OBJ_A,35.0,130.028974,OBJ_B,35.0000541,130.0376662,OBJ_C,35.0001082,130.028974,in front of,in back of,side by side
+2026-02-05T22:42:02Z,OBJ_A,35.0,130.0290618,OBJ_B,35.0000541,130.03778034,OBJ_C,35.0001082,130.0290618,in front of,in back of,side by side
+2026-02-05T22:42:03Z,OBJ_A,35.0,130.0291496,OBJ_B,35.0000541,130.03789448,OBJ_C,35.0001082,130.0291496,in front of,in back of,side by side
+2026-02-05T22:42:04Z,OBJ_A,35.0,130.0292374,OBJ_B,35.0000541,130.03800862,OBJ_C,35.0001082,130.0292374,in front of,in back of,side by side
+2026-02-05T22:42:05Z,OBJ_A,35.0,130.0293252,OBJ_B,35.0000541,130.03812276,OBJ_C,35.0001082,130.0293252,in front of,in back of,side by side
+2026-02-05T22:42:06Z,OBJ_A,35.0,130.029413,OBJ_B,35.0000541,130.0382369,OBJ_C,35.0001082,130.029413,in front of,in back of,side by side
+2026-02-05T22:42:07Z,OBJ_A,35.0,130.0295008,OBJ_B,35.0000541,130.03835104,OBJ_C,35.0001082,130.0295008,in front of,in back of,side by side
+2026-02-05T22:42:08Z,OBJ_A,35.0,130.0295886,OBJ_B,35.0000541,130.03846518,OBJ_C,35.0001082,130.0295886,in front of,in back of,side by side
+2026-02-05T22:42:09Z,OBJ_A,35.0,130.0296764,OBJ_B,35.0000541,130.03857932,OBJ_C,35.0001082,130.0296764,in front of,in back of,side by side
+2026-02-05T22:42:10Z,OBJ_A,35.0,130.0297642,OBJ_B,35.0000541,130.03869346,OBJ_C,35.0001082,130.0297642,in front of,in back of,side by side
+2026-02-05T22:42:11Z,OBJ_A,35.0,130.029852,OBJ_B,35.0000541,130.0388076,OBJ_C,35.0001082,130.029852,in front of,in back of,side by side
+2026-02-05T22:42:12Z,OBJ_A,35.0,130.0299398,OBJ_B,35.0000541,130.03892174,OBJ_C,35.0001082,130.0299398,in front of,in back of,side by side
+2026-02-05T22:42:13Z,OBJ_A,35.0,130.0300276,OBJ_B,35.0000541,130.03903588,OBJ_C,35.0001082,130.0300276,in front of,in back of,side by side
+2026-02-05T22:42:14Z,OBJ_A,35.0,130.0301154,OBJ_B,35.0000541,130.03915002,OBJ_C,35.0001082,130.0301154,in front of,in back of,side by side
+2026-02-05T22:42:15Z,OBJ_A,35.0,130.0302032,OBJ_B,35.0000541,130.03926416,OBJ_C,35.0001082,130.0302032,in front of,in back of,side by side
+2026-02-05T22:42:16Z,OBJ_A,35.0,130.030291,OBJ_B,35.0000541,130.0393783,OBJ_C,35.0001082,130.030291,in front of,in back of,side by side
+2026-02-05T22:42:17Z,OBJ_A,35.0,130.0303788,OBJ_B,35.0000541,130.03949244,OBJ_C,35.0001082,130.0303788,in front of,in back of,side by side
+2026-02-05T22:42:18Z,OBJ_A,35.0,130.0304666,OBJ_B,35.0000541,130.03960658,OBJ_C,35.0001082,130.0304666,in front of,in back of,side by side
+2026-02-05T22:42:19Z,OBJ_A,35.0,130.0305544,OBJ_B,35.0000541,130.03972072,OBJ_C,35.0001082,130.0305544,in front of,in back of,side by side
+2026-02-05T22:42:20Z,OBJ_A,35.0,130.0306422,OBJ_B,35.0000541,130.03983486,OBJ_C,35.0001082,130.0306422,in front of,in back of,side by side
+2026-02-05T22:42:21Z,OBJ_A,35.0,130.03073,OBJ_B,35.0000541,130.039949,OBJ_C,35.0001082,130.03073,in front of,in back of,side by side
+2026-02-05T22:42:22Z,OBJ_A,35.0,130.0308178,OBJ_B,35.0000541,130.04006314,OBJ_C,35.0001082,130.0308178,in front of,in back of,side by side
+2026-02-05T22:42:23Z,OBJ_A,35.0,130.0309056,OBJ_B,35.0000541,130.04017728,OBJ_C,35.0001082,130.0309056,in front of,in back of,side by side
+2026-02-05T22:42:24Z,OBJ_A,35.0,130.0309934,OBJ_B,35.0000541,130.04029142,OBJ_C,35.0001082,130.0309934,in front of,in back of,side by side
+2026-02-05T22:42:25Z,OBJ_A,35.0,130.0310812,OBJ_B,35.0000541,130.04040556,OBJ_C,35.0001082,130.0310812,in front of,in back of,side by side
+2026-02-05T22:42:26Z,OBJ_A,35.0,130.031169,OBJ_B,35.0000541,130.0405197,OBJ_C,35.0001082,130.031169,in front of,in back of,side by side
+2026-02-05T22:42:27Z,OBJ_A,35.0,130.0312568,OBJ_B,35.0000541,130.04063384,OBJ_C,35.0001082,130.0312568,in front of,in back of,side by side
+2026-02-05T22:42:28Z,OBJ_A,35.0,130.0313446,OBJ_B,35.0000541,130.04074798,OBJ_C,35.0001082,130.0313446,in front of,in back of,side by side
+2026-02-05T22:42:29Z,OBJ_A,35.0,130.0314324,OBJ_B,35.0000541,130.04086212,OBJ_C,35.0001082,130.0314324,in front of,in back of,side by side
+2026-02-05T22:42:30Z,OBJ_A,35.0,130.0315202,OBJ_B,35.0000541,130.04097626,OBJ_C,35.0001082,130.0315202,in front of,in back of,side by side
+2026-02-05T22:42:31Z,OBJ_A,35.0,130.031608,OBJ_B,35.0000541,130.0410904,OBJ_C,35.0001082,130.031608,in front of,in back of,side by side
+2026-02-05T22:42:32Z,OBJ_A,35.0,130.0316958,OBJ_B,35.0000541,130.04120454,OBJ_C,35.0001082,130.0316958,in front of,in back of,side by side
+2026-02-05T22:42:33Z,OBJ_A,35.0,130.0317836,OBJ_B,35.0000541,130.04131868,OBJ_C,35.0001082,130.0317836,in front of,in back of,side by side
+2026-02-05T22:42:34Z,OBJ_A,35.0,130.0318714,OBJ_B,35.0000541,130.04143282,OBJ_C,35.0001082,130.0318714,in front of,in back of,side by side
+2026-02-05T22:42:35Z,OBJ_A,35.0,130.0319592,OBJ_B,35.0000541,130.04154696,OBJ_C,35.0001082,130.0319592,in front of,in back of,side by side
+2026-02-05T22:42:36Z,OBJ_A,35.0,130.032047,OBJ_B,35.0000541,130.0416611,OBJ_C,35.0001082,130.032047,in front of,in back of,side by side
+2026-02-05T22:42:37Z,OBJ_A,35.0,130.0321348,OBJ_B,35.0000541,130.04177524,OBJ_C,35.0001082,130.0321348,in front of,in back of,side by side
+2026-02-05T22:42:38Z,OBJ_A,35.0,130.0322226,OBJ_B,35.0000541,130.04188938,OBJ_C,35.0001082,130.0322226,in front of,in back of,side by side
+2026-02-05T22:42:39Z,OBJ_A,35.0,130.0323104,OBJ_B,35.0000541,130.04200352,OBJ_C,35.0001082,130.0323104,in front of,in back of,side by side
+2026-02-05T22:42:40Z,OBJ_A,35.0,130.0323982,OBJ_B,35.0000541,130.04211766,OBJ_C,35.0001082,130.0323982,in front of,in back of,side by side
+2026-02-05T22:42:41Z,OBJ_A,35.0,130.032486,OBJ_B,35.0000541,130.0422318,OBJ_C,35.0001082,130.032486,in front of,in back of,side by side
+2026-02-05T22:42:42Z,OBJ_A,35.0,130.0325738,OBJ_B,35.0000541,130.04234594,OBJ_C,35.0001082,130.0325738,in front of,in back of,side by side
+2026-02-05T22:42:43Z,OBJ_A,35.0,130.0326616,OBJ_B,35.0000541,130.04246008,OBJ_C,35.0001082,130.0326616,in front of,in back of,side by side
+2026-02-05T22:42:44Z,OBJ_A,35.0,130.0327494,OBJ_B,35.0000541,130.04257422,OBJ_C,35.0001082,130.0327494,in front of,in back of,side by side
+2026-02-05T22:42:45Z,OBJ_A,35.0,130.0328372,OBJ_B,35.0000541,130.04268836,OBJ_C,35.0001082,130.0328372,in front of,in back of,side by side
+2026-02-05T22:42:46Z,OBJ_A,35.0,130.032925,OBJ_B,35.0000541,130.0428025,OBJ_C,35.0001082,130.032925,in front of,in back of,side by side
+2026-02-05T22:42:47Z,OBJ_A,35.0,130.0330128,OBJ_B,35.0000541,130.04291664,OBJ_C,35.0001082,130.0330128,in front of,in back of,side by side
+2026-02-05T22:42:48Z,OBJ_A,35.0,130.0331006,OBJ_B,35.0000541,130.04303078,OBJ_C,35.0001082,130.0331006,in front of,in back of,side by side
+2026-02-05T22:42:49Z,OBJ_A,35.0,130.0331884,OBJ_B,35.0000541,130.04314492,OBJ_C,35.0001082,130.0331884,in front of,in back of,side by side
+2026-02-05T22:42:50Z,OBJ_A,35.0,130.0332762,OBJ_B,35.0000541,130.04325906,OBJ_C,35.0001082,130.0332762,in front of,in back of,side by side
+2026-02-05T22:42:51Z,OBJ_A,35.0,130.033364,OBJ_B,35.0000541,130.0433732,OBJ_C,35.0001082,130.033364,in front of,in back of,side by side
+2026-02-05T22:42:52Z,OBJ_A,35.0,130.0334518,OBJ_B,35.0000541,130.04348734,OBJ_C,35.0001082,130.0334518,in front of,in back of,side by side
+2026-02-05T22:42:53Z,OBJ_A,35.0,130.0335396,OBJ_B,35.0000541,130.04360148,OBJ_C,35.0001082,130.0335396,in front of,in back of,side by side
+2026-02-05T22:42:54Z,OBJ_A,35.0,130.0336274,OBJ_B,35.0000541,130.04371562,OBJ_C,35.0001082,130.0336274,in front of,in back of,side by side
+2026-02-05T22:42:55Z,OBJ_A,35.0,130.0337152,OBJ_B,35.0000541,130.04382976,OBJ_C,35.0001082,130.0337152,in front of,in back of,side by side
+2026-02-05T22:42:56Z,OBJ_A,35.0,130.033803,OBJ_B,35.0000541,130.0439439,OBJ_C,35.0001082,130.033803,in front of,in back of,side by side
+2026-02-05T22:42:57Z,OBJ_A,35.0,130.0338908,OBJ_B,35.0000541,130.04405804,OBJ_C,35.0001082,130.0338908,in front of,in back of,side by side
+2026-02-05T22:42:58Z,OBJ_A,35.0,130.0339786,OBJ_B,35.0000541,130.04417218,OBJ_C,35.0001082,130.0339786,in front of,in back of,side by side
+2026-02-05T22:42:59Z,OBJ_A,35.0,130.0340664,OBJ_B,35.0000541,130.04428632,OBJ_C,35.0001082,130.0340664,in front of,in back of,side by side
+2026-02-05T22:43:00Z,OBJ_A,35.0,130.0341542,OBJ_B,35.0000541,130.04440046,OBJ_C,35.0001082,130.0341542,in front of,in back of,side by side
+2026-02-05T22:43:01Z,OBJ_A,35.0,130.034242,OBJ_B,35.0000541,130.0445146,OBJ_C,35.0001082,130.034242,in front of,in back of,side by side
+2026-02-05T22:43:02Z,OBJ_A,35.0,130.0343298,OBJ_B,35.0000541,130.04462874,OBJ_C,35.0001082,130.0343298,in front of,in back of,side by side
+2026-02-05T22:43:03Z,OBJ_A,35.0,130.0344176,OBJ_B,35.0000541,130.04474288,OBJ_C,35.0001082,130.0344176,in front of,in back of,side by side
+2026-02-05T22:43:04Z,OBJ_A,35.0,130.0345054,OBJ_B,35.0000541,130.04485702,OBJ_C,35.0001082,130.0345054,in front of,in back of,side by side
+2026-02-05T22:43:05Z,OBJ_A,35.0,130.0345932,OBJ_B,35.0000541,130.04497116,OBJ_C,35.0001082,130.0345932,in front of,in back of,side by side
+2026-02-05T22:43:06Z,OBJ_A,35.0,130.034681,OBJ_B,35.0000541,130.0450853,OBJ_C,35.0001082,130.034681,in front of,in back of,side by side
+2026-02-05T22:43:07Z,OBJ_A,35.0,130.0347688,OBJ_B,35.0000541,130.04519944,OBJ_C,35.0001082,130.0347688,in front of,in back of,side by side
+2026-02-05T22:43:08Z,OBJ_A,35.0,130.0348566,OBJ_B,35.0000541,130.04531358,OBJ_C,35.0001082,130.0348566,in front of,in back of,side by side
+2026-02-05T22:43:09Z,OBJ_A,35.0,130.0349444,OBJ_B,35.0000541,130.04542772,OBJ_C,35.0001082,130.0349444,in front of,in back of,side by side
+2026-02-05T22:43:10Z,OBJ_A,35.0,130.0350322,OBJ_B,35.0000541,130.04554186,OBJ_C,35.0001082,130.0350322,in front of,in back of,side by side
+2026-02-05T22:43:11Z,OBJ_A,35.0,130.03512,OBJ_B,35.0000541,130.045656,OBJ_C,35.0001082,130.03512,in front of,in back of,side by side
+2026-02-05T22:43:12Z,OBJ_A,35.0,130.0352078,OBJ_B,35.0000541,130.04577014,OBJ_C,35.0001082,130.0352078,in front of,in back of,side by side
+2026-02-05T22:43:13Z,OBJ_A,35.0,130.0352956,OBJ_B,35.0000541,130.04588428,OBJ_C,35.0001082,130.0352956,in front of,in back of,side by side
+2026-02-05T22:43:14Z,OBJ_A,35.0,130.0353834,OBJ_B,35.0000541,130.04599842,OBJ_C,35.0001082,130.0353834,in front of,in back of,side by side
+2026-02-05T22:43:15Z,OBJ_A,35.0,130.0354712,OBJ_B,35.0000541,130.04611256,OBJ_C,35.0001082,130.0354712,in front of,in back of,side by side
+2026-02-05T22:43:16Z,OBJ_A,35.0,130.035559,OBJ_B,35.0000541,130.0462267,OBJ_C,35.0001082,130.035559,in front of,in back of,side by side
+2026-02-05T22:43:17Z,OBJ_A,35.0,130.0356468,OBJ_B,35.0000541,130.04634084,OBJ_C,35.0001082,130.0356468,in front of,in back of,side by side
+2026-02-05T22:43:18Z,OBJ_A,35.0,130.0357346,OBJ_B,35.0000541,130.04645498,OBJ_C,35.0001082,130.0357346,in front of,in back of,side by side
+2026-02-05T22:43:19Z,OBJ_A,35.0,130.0358224,OBJ_B,35.0000541,130.04656912,OBJ_C,35.0001082,130.0358224,in front of,in back of,side by side
+2026-02-05T22:43:20Z,OBJ_A,35.0,130.0359102,OBJ_B,35.0000541,130.04668326,OBJ_C,35.0001082,130.0359102,in front of,in back of,side by side
+2026-02-05T22:43:21Z,OBJ_A,35.0,130.035998,OBJ_B,35.0000541,130.0467974,OBJ_C,35.0001082,130.035998,in front of,in back of,side by side
+2026-02-05T22:43:22Z,OBJ_A,35.0,130.0360858,OBJ_B,35.0000541,130.04691154,OBJ_C,35.0001082,130.0360858,in front of,in back of,side by side
+2026-02-05T22:43:23Z,OBJ_A,35.0,130.0361736,OBJ_B,35.0000541,130.04702568,OBJ_C,35.0001082,130.0361736,in front of,in back of,side by side
+2026-02-05T22:43:24Z,OBJ_A,35.0,130.0362614,OBJ_B,35.0000541,130.04713982,OBJ_C,35.0001082,130.0362614,in front of,in back of,side by side
+2026-02-05T22:43:25Z,OBJ_A,35.0,130.0363492,OBJ_B,35.0000541,130.04725396,OBJ_C,35.0001082,130.0363492,in front of,in back of,side by side
+2026-02-05T22:43:26Z,OBJ_A,35.0,130.036437,OBJ_B,35.0000541,130.0473681,OBJ_C,35.0001082,130.036437,in front of,in back of,side by side
+2026-02-05T22:43:27Z,OBJ_A,35.0,130.0365248,OBJ_B,35.0000541,130.04748224,OBJ_C,35.0001082,130.0365248,in front of,in back of,side by side
+2026-02-05T22:43:28Z,OBJ_A,35.0,130.0366126,OBJ_B,35.0000541,130.04759638,OBJ_C,35.0001082,130.0366126,in front of,in back of,side by side
+2026-02-05T22:43:29Z,OBJ_A,35.0,130.0367004,OBJ_B,35.0000541,130.04771052,OBJ_C,35.0001082,130.0367004,in front of,in back of,side by side
+2026-02-05T22:43:30Z,OBJ_A,35.0,130.0367882,OBJ_B,35.0000541,130.04782466,OBJ_C,35.0001082,130.0367882,in front of,in back of,side by side
+2026-02-05T22:43:31Z,OBJ_A,35.0,130.036876,OBJ_B,35.0000541,130.0479388,OBJ_C,35.0001082,130.036876,in front of,in back of,side by side
+2026-02-05T22:43:32Z,OBJ_A,35.0,130.0369638,OBJ_B,35.0000541,130.04805294,OBJ_C,35.0001082,130.0369638,in front of,in back of,side by side
+2026-02-05T22:43:33Z,OBJ_A,35.0,130.0370516,OBJ_B,35.0000541,130.04816708,OBJ_C,35.0001082,130.0370516,in front of,in back of,side by side
+2026-02-05T22:43:34Z,OBJ_A,35.0,130.0371394,OBJ_B,35.0000541,130.04828122,OBJ_C,35.0001082,130.0371394,in front of,in back of,side by side
+2026-02-05T22:43:35Z,OBJ_A,35.0,130.0372272,OBJ_B,35.0000541,130.04839536,OBJ_C,35.0001082,130.0372272,in front of,in back of,side by side
+2026-02-05T22:43:36Z,OBJ_A,35.0,130.037315,OBJ_B,35.0000541,130.0485095,OBJ_C,35.0001082,130.037315,in front of,in back of,side by side
+2026-02-05T22:43:37Z,OBJ_A,35.0,130.0374028,OBJ_B,35.0000541,130.04862364,OBJ_C,35.0001082,130.0374028,in front of,in back of,side by side
+2026-02-05T22:43:38Z,OBJ_A,35.0,130.0374906,OBJ_B,35.0000541,130.04873778,OBJ_C,35.0001082,130.0374906,in front of,in back of,side by side
+2026-02-05T22:43:39Z,OBJ_A,35.0,130.0375784,OBJ_B,35.0000541,130.04885192,OBJ_C,35.0001082,130.0375784,in front of,in back of,side by side
+2026-02-05T22:43:40Z,OBJ_A,35.0,130.0376662,OBJ_B,35.0000541,130.04896606,OBJ_C,35.0001082,130.0376662,in front of,in back of,side by side
+2026-02-05T22:43:41Z,OBJ_A,35.0,130.037754,OBJ_B,35.0000541,130.0490802,OBJ_C,35.0001082,130.037754,in front of,in back of,side by side
+2026-02-05T22:43:42Z,OBJ_A,35.0,130.0378418,OBJ_B,35.0000541,130.04919434,OBJ_C,35.0001082,130.0378418,in front of,in back of,side by side
+2026-02-05T22:43:43Z,OBJ_A,35.0,130.0379296,OBJ_B,35.0000541,130.04930848,OBJ_C,35.0001082,130.0379296,in front of,in back of,side by side
+2026-02-05T22:43:44Z,OBJ_A,35.0,130.0380174,OBJ_B,35.0000541,130.04942262,OBJ_C,35.0001082,130.0380174,in front of,in back of,side by side
+2026-02-05T22:43:45Z,OBJ_A,35.0,130.0381052,OBJ_B,35.0000541,130.04953676,OBJ_C,35.0001082,130.0381052,in front of,in back of,side by side
+2026-02-05T22:43:46Z,OBJ_A,35.0,130.038193,OBJ_B,35.0000541,130.0496509,OBJ_C,35.0001082,130.038193,in front of,in back of,side by side
+2026-02-05T22:43:47Z,OBJ_A,35.0,130.0382808,OBJ_B,35.0000541,130.04976504,OBJ_C,35.0001082,130.0382808,in front of,in back of,side by side
+2026-02-05T22:43:48Z,OBJ_A,35.0,130.0383686,OBJ_B,35.0000541,130.04987918,OBJ_C,35.0001082,130.0383686,in front of,in back of,side by side
+2026-02-05T22:43:49Z,OBJ_A,35.0,130.0384564,OBJ_B,35.0000541,130.04999332,OBJ_C,35.0001082,130.0384564,in front of,in back of,side by side
+2026-02-05T22:43:50Z,OBJ_A,35.0,130.0385442,OBJ_B,35.0000541,130.05010746,OBJ_C,35.0001082,130.0385442,in front of,in back of,side by side
+2026-02-05T22:43:51Z,OBJ_A,35.0,130.038632,OBJ_B,35.0000541,130.0502216,OBJ_C,35.0001082,130.038632,in front of,in back of,side by side
+2026-02-05T22:43:52Z,OBJ_A,35.0,130.0387198,OBJ_B,35.0000541,130.05033574,OBJ_C,35.0001082,130.0387198,in front of,in back of,side by side
+2026-02-05T22:43:53Z,OBJ_A,35.0,130.0388076,OBJ_B,35.0000541,130.05044988,OBJ_C,35.0001082,130.0388076,in front of,in back of,side by side
+2026-02-05T22:43:54Z,OBJ_A,35.0,130.0388954,OBJ_B,35.0000541,130.05056402,OBJ_C,35.0001082,130.0388954,in front of,in back of,side by side
+2026-02-05T22:43:55Z,OBJ_A,35.0,130.0389832,OBJ_B,35.0000541,130.05067816,OBJ_C,35.0001082,130.0389832,in front of,in back of,side by side
+2026-02-05T22:43:56Z,OBJ_A,35.0,130.039071,OBJ_B,35.0000541,130.0507923,OBJ_C,35.0001082,130.039071,in front of,in back of,side by side
+2026-02-05T22:43:57Z,OBJ_A,35.0,130.0391588,OBJ_B,35.0000541,130.05090644,OBJ_C,35.0001082,130.0391588,in front of,in back of,side by side
+2026-02-05T22:43:58Z,OBJ_A,35.0,130.0392466,OBJ_B,35.0000541,130.05102058,OBJ_C,35.0001082,130.0392466,in front of,in back of,side by side
+2026-02-05T22:43:59Z,OBJ_A,35.0,130.0393344,OBJ_B,35.0000541,130.05113472,OBJ_C,35.0001082,130.0393344,in front of,in back of,side by side
+2026-02-05T22:44:00Z,OBJ_A,35.0,130.0394222,OBJ_B,35.0000541,130.05124886,OBJ_C,35.0001082,130.0394222,in front of,in back of,side by side
+2026-02-05T22:44:01Z,OBJ_A,35.0,130.03951,OBJ_B,35.0000541,130.051363,OBJ_C,35.0001082,130.03951,in front of,in back of,side by side
+2026-02-05T22:44:02Z,OBJ_A,35.0,130.0395978,OBJ_B,35.0000541,130.05147714,OBJ_C,35.0001082,130.0395978,in front of,in back of,side by side
+2026-02-05T22:44:03Z,OBJ_A,35.0,130.0396856,OBJ_B,35.0000541,130.05159128,OBJ_C,35.0001082,130.0396856,in front of,in back of,side by side
+2026-02-05T22:44:04Z,OBJ_A,35.0,130.0397734,OBJ_B,35.0000541,130.05170542,OBJ_C,35.0001082,130.0397734,in front of,in back of,side by side
+2026-02-05T22:44:05Z,OBJ_A,35.0,130.0398612,OBJ_B,35.0000541,130.05181956,OBJ_C,35.0001082,130.0398612,in front of,in back of,side by side
+2026-02-05T22:44:06Z,OBJ_A,35.0,130.039949,OBJ_B,35.0000541,130.0519337,OBJ_C,35.0001082,130.039949,in front of,in back of,side by side
+2026-02-05T22:44:07Z,OBJ_A,35.0,130.0400368,OBJ_B,35.0000541,130.05204784,OBJ_C,35.0001082,130.0400368,in front of,in back of,side by side
+2026-02-05T22:44:08Z,OBJ_A,35.0,130.0401246,OBJ_B,35.0000541,130.05216198,OBJ_C,35.0001082,130.0401246,in front of,in back of,side by side
+2026-02-05T22:44:09Z,OBJ_A,35.0,130.0402124,OBJ_B,35.0000541,130.05227612,OBJ_C,35.0001082,130.0402124,in front of,in back of,side by side
+2026-02-05T22:44:10Z,OBJ_A,35.0,130.0403002,OBJ_B,35.0000541,130.05239026,OBJ_C,35.0001082,130.0403002,in front of,in back of,side by side
+2026-02-05T22:44:11Z,OBJ_A,35.0,130.040388,OBJ_B,35.0000541,130.0525044,OBJ_C,35.0001082,130.040388,in front of,in back of,side by side
+2026-02-05T22:44:12Z,OBJ_A,35.0,130.0404758,OBJ_B,35.0000541,130.05261854,OBJ_C,35.0001082,130.0404758,in front of,in back of,side by side
+2026-02-05T22:44:13Z,OBJ_A,35.0,130.0405636,OBJ_B,35.0000541,130.05273268,OBJ_C,35.0001082,130.0405636,in front of,in back of,side by side
+2026-02-05T22:44:14Z,OBJ_A,35.0,130.0406514,OBJ_B,35.0000541,130.05284682,OBJ_C,35.0001082,130.0406514,in front of,in back of,side by side
+2026-02-05T22:44:15Z,OBJ_A,35.0,130.0407392,OBJ_B,35.0000541,130.05296096,OBJ_C,35.0001082,130.0407392,in front of,in back of,side by side
+2026-02-05T22:44:16Z,OBJ_A,35.0,130.040827,OBJ_B,35.0000541,130.0530751,OBJ_C,35.0001082,130.040827,in front of,in back of,side by side
+2026-02-05T22:44:17Z,OBJ_A,35.0,130.0409148,OBJ_B,35.0000541,130.05318924,OBJ_C,35.0001082,130.0409148,in front of,in back of,side by side
+2026-02-05T22:44:18Z,OBJ_A,35.0,130.0410026,OBJ_B,35.0000541,130.05330338,OBJ_C,35.0001082,130.0410026,in front of,in back of,side by side
+2026-02-05T22:44:19Z,OBJ_A,35.0,130.0410904,OBJ_B,35.0000541,130.05341752,OBJ_C,35.0001082,130.0410904,in front of,in back of,side by side
+2026-02-05T22:44:20Z,OBJ_A,35.0,130.0411782,OBJ_B,35.0000541,130.05353166,OBJ_C,35.0001082,130.0411782,in front of,in back of,side by side
+2026-02-05T22:44:21Z,OBJ_A,35.0,130.041266,OBJ_B,35.0000541,130.0536458,OBJ_C,35.0001082,130.041266,in front of,in back of,side by side
+2026-02-05T22:44:22Z,OBJ_A,35.0,130.0413538,OBJ_B,35.0000541,130.05375994,OBJ_C,35.0001082,130.0413538,in front of,in back of,side by side
+2026-02-05T22:44:23Z,OBJ_A,35.0,130.0414416,OBJ_B,35.0000541,130.05387408,OBJ_C,35.0001082,130.0414416,in front of,in back of,side by side
+2026-02-05T22:44:24Z,OBJ_A,35.0,130.0415294,OBJ_B,35.0000541,130.05398822,OBJ_C,35.0001082,130.0415294,in front of,in back of,side by side
+2026-02-05T22:44:25Z,OBJ_A,35.0,130.0416172,OBJ_B,35.0000541,130.05410236,OBJ_C,35.0001082,130.0416172,in front of,in back of,side by side
+2026-02-05T22:44:26Z,OBJ_A,35.0,130.041705,OBJ_B,35.0000541,130.0542165,OBJ_C,35.0001082,130.041705,in front of,in back of,side by side
+2026-02-05T22:44:27Z,OBJ_A,35.0,130.0417928,OBJ_B,35.0000541,130.05433064,OBJ_C,35.0001082,130.0417928,in front of,in back of,side by side
+2026-02-05T22:44:28Z,OBJ_A,35.0,130.0418806,OBJ_B,35.0000541,130.05444478,OBJ_C,35.0001082,130.0418806,in front of,in back of,side by side
+2026-02-05T22:44:29Z,OBJ_A,35.0,130.0419684,OBJ_B,35.0000541,130.05455892,OBJ_C,35.0001082,130.0419684,in front of,in back of,side by side
+2026-02-05T22:44:30Z,OBJ_A,35.0,130.0420562,OBJ_B,35.0000541,130.05467306,OBJ_C,35.0001082,130.0420562,in front of,in back of,side by side
+2026-02-05T22:44:31Z,OBJ_A,35.0,130.042144,OBJ_B,35.0000541,130.0547872,OBJ_C,35.0001082,130.042144,in front of,in back of,side by side
+2026-02-05T22:44:32Z,OBJ_A,35.0,130.0422318,OBJ_B,35.0000541,130.05490134,OBJ_C,35.0001082,130.0422318,in front of,in back of,side by side
+2026-02-05T22:44:33Z,OBJ_A,35.0,130.0423196,OBJ_B,35.0000541,130.05501548,OBJ_C,35.0001082,130.0423196,in front of,in back of,side by side
+2026-02-05T22:44:34Z,OBJ_A,35.0,130.0424074,OBJ_B,35.0000541,130.05512962,OBJ_C,35.0001082,130.0424074,in front of,in back of,side by side
+2026-02-05T22:44:35Z,OBJ_A,35.0,130.0424952,OBJ_B,35.0000541,130.05524376,OBJ_C,35.0001082,130.0424952,in front of,in back of,side by side
+2026-02-05T22:44:36Z,OBJ_A,35.0,130.042583,OBJ_B,35.0000541,130.0553579,OBJ_C,35.0001082,130.042583,in front of,in back of,side by side
+2026-02-05T22:44:37Z,OBJ_A,35.0,130.0426708,OBJ_B,35.0000541,130.05547204,OBJ_C,35.0001082,130.0426708,in front of,in back of,side by side
+2026-02-05T22:44:38Z,OBJ_A,35.0,130.0427586,OBJ_B,35.0000541,130.05558618,OBJ_C,35.0001082,130.0427586,in front of,in back of,side by side
+2026-02-05T22:44:39Z,OBJ_A,35.0,130.0428464,OBJ_B,35.0000541,130.05570032,OBJ_C,35.0001082,130.0428464,in front of,in back of,side by side
+2026-02-05T22:44:40Z,OBJ_A,35.0,130.0429342,OBJ_B,35.0000541,130.05581446,OBJ_C,35.0001082,130.0429342,in front of,in back of,side by side
+2026-02-05T22:44:41Z,OBJ_A,35.0,130.043022,OBJ_B,35.0000541,130.0559286,OBJ_C,35.0001082,130.043022,in front of,in back of,side by side
+2026-02-05T22:44:42Z,OBJ_A,35.0,130.0431098,OBJ_B,35.0000541,130.05604274,OBJ_C,35.0001082,130.0431098,in front of,in back of,side by side
+2026-02-05T22:44:43Z,OBJ_A,35.0,130.0431976,OBJ_B,35.0000541,130.05615688,OBJ_C,35.0001082,130.0431976,in front of,in back of,side by side
+2026-02-05T22:44:44Z,OBJ_A,35.0,130.0432854,OBJ_B,35.0000541,130.05627102,OBJ_C,35.0001082,130.0432854,in front of,in back of,side by side
+2026-02-05T22:44:45Z,OBJ_A,35.0,130.0433732,OBJ_B,35.0000541,130.05638516,OBJ_C,35.0001082,130.0433732,in front of,in back of,side by side
+2026-02-05T22:44:46Z,OBJ_A,35.0,130.043461,OBJ_B,35.0000541,130.0564993,OBJ_C,35.0001082,130.043461,in front of,in back of,side by side
+2026-02-05T22:44:47Z,OBJ_A,35.0,130.0435488,OBJ_B,35.0000541,130.05661344,OBJ_C,35.0001082,130.0435488,in front of,in back of,side by side
+2026-02-05T22:44:48Z,OBJ_A,35.0,130.0436366,OBJ_B,35.0000541,130.05672758,OBJ_C,35.0001082,130.0436366,in front of,in back of,side by side
+2026-02-05T22:44:49Z,OBJ_A,35.0,130.0437244,OBJ_B,35.0000541,130.05684172,OBJ_C,35.0001082,130.0437244,in front of,in back of,side by side
+2026-02-05T22:44:50Z,OBJ_A,35.0,130.0438122,OBJ_B,35.0000541,130.05695586,OBJ_C,35.0001082,130.0438122,in front of,in back of,side by side
+2026-02-05T22:44:51Z,OBJ_A,35.0,130.0439,OBJ_B,35.0000541,130.05707,OBJ_C,35.0001082,130.0439,in front of,in back of,side by side
