time,BF_object_C,lat_C,long_C,BF_object_D,lat_D,long_D,BF_object_E,lat_E,long_E,C-D,D-C,D-E,E-D,E-C,C-E
+2026-02-05T22:36:32Z,BTR80,35.0000541,130.01756,K2BlackPanther,35.0000317,130.027218,T90,35.0001623,130.036876,behind,ahead of,behind,ahead of,ahead of,behind
+2026-02-05T22:36:33Z,BTR80,35.0000541,130.01756,K2BlackPanther,35.0000317,130.027218,T90,35.0001623,130.0368023,behind,ahead of,behind,ahead of,ahead of,behind
+2026-02-05T22:36:34Z,BTR80,35.0000541,130.01756,K2BlackPanther,35.0000317,130.027218,T90,35.0001623,130.0367286,behind,ahead of,behind,ahead of,ahead of,behind
+2026-02-05T22:36:35Z,BTR80,35.0000541,130.01756,K2BlackPanther,35.0000317,130.027218,T90,35.0001623,130.0366549,behind,ahead of,behind,ahead of,ahead of,behind
+2026-02-05T22:36:36Z,BTR80,35.0000541,130.01756,K2BlackPanther,35.0000317,130.027218,T90,35.0001623,130.0365812,behind,ahead of,behind,ahead of,ahead of,behind
+2026-02-05T22:36:37Z,BTR80,35.0000541,130.01756,K2BlackPanther,35.0000317,130.027218,T90,35.0001623,130.0365075,behind,ahead of,behind,ahead of,ahead of,behind
+2026-02-05T22:36:38Z,BTR80,35.0000541,130.01756,K2BlackPanther,35.0000317,130.027218,T90,35.0001623,130.0364338,behind,ahead of,behind,ahead of,ahead of,behind
+2026-02-05T22:36:39Z,BTR80,35.0000541,130.01756,K2BlackPanther,35.0000317,130.027218,T90,35.0001623,130.0363601,behind,ahead of,behind,ahead of,ahead of,behind
+2026-02-05T22:36:40Z,BTR80,35.0000541,130.01756,K2BlackPanther,35.0000317,130.027218,T90,35.0001623,130.0362864,behind,ahead of,behind,ahead of,ahead of,behind
+2026-02-05T22:36:41Z,BTR80,35.0000541,130.01756,K2BlackPanther,35.0000317,130.027218,T90,35.0001623,130.0362127,behind,ahead of,behind,ahead of,ahead of,behind
+2026-02-05T22:36:42Z,BTR80,35.0000541,130.01756,K2BlackPanther,35.0000317,130.027218,T90,35.0001623,130.036139,behind,ahead of,behind,ahead of,ahead of,behind
+2026-02-05T22:36:43Z,BTR80,35.0000541,130.01756,K2BlackPanther,35.0000317,130.027218,T90,35.0001623,130.0360653,behind,ahead of,behind,ahead of,ahead of,behind
+2026-02-05T22:36:44Z,BTR80,35.0000541,130.01756,K2BlackPanther,35.0000317,130.027218,T90,35.0001623,130.0359916,behind,ahead of,behind,ahead of,ahead of,behind
+2026-02-05T22:36:45Z,BTR80,35.0000541,130.01756,K2BlackPanther,35.0000317,130.027218,T90,35.0001623,130.0359179,behind,ahead of,behind,ahead of,ahead of,behind
+2026-02-05T22:36:46Z,BTR80,35.0000541,130.01756,K2BlackPanther,35.0000317,130.027218,T90,35.0001623,130.0358442,behind,ahead of,behind,ahead of,ahead of,behind
+2026-02-05T22:36:47Z,BTR80,35.0000541,130.01756,K2BlackPanther,35.0000317,130.027218,T90,35.0001623,130.0357705,behind,ahead of,behind,ahead of,ahead of,behind
+2026-02-05T22:36:48Z,BTR80,35.0000541,130.01756,K2BlackPanther,35.0000317,130.027218,T90,35.0001623,130.0356968,behind,ahead of,behind,ahead of,ahead of,behind
+2026-02-05T22:36:49Z,BTR80,35.0000541,130.01756,K2BlackPanther,35.0000317,130.027218,T90,35.0001623,130.0356231,behind,ahead of,behind,ahead of,ahead of,behind
+2026-02-05T22:36:50Z,BTR80,35.0000541,130.01756,K2BlackPanther,35.0000317,130.027218,T90,35.0001623,130.0355494,behind,ahead of,behind,ahead of,ahead of,behind
+2026-02-05T22:36:51Z,BTR80,35.0000541,130.01756,K2BlackPanther,35.0000317,130.027218,T90,35.0001623,130.0354757,behind,ahead of,behind,ahead of,ahead of,behind
+2026-02-05T22:36:52Z,BTR80,35.0000541,130.01756,K2BlackPanther,35.0000317,130.027218,T90,35.0001623,130.0354021,behind,ahead of,behind,ahead of,ahead of,behind
+2026-02-05T22:36:53Z,BTR80,35.0000541,130.01756,K2BlackPanther,35.0000317,130.027218,T90,35.0001623,130.0353284,behind,ahead of,behind,ahead of,ahead of,behind
+2026-02-05T22:36:54Z,BTR80,35.0000541,130.01756,K2BlackPanther,35.0000317,130.027218,T90,35.0001623,130.0352547,behind,ahead of,behind,ahead of,ahead of,behind
+2026-02-05T22:36:55Z,BTR80,35.0000541,130.01756,K2BlackPanther,35.0000317,130.027218,T90,35.0001623,130.035181,behind,ahead of,behind,ahead of,ahead of,behind
+2026-02-05T22:36:56Z,BTR80,35.0000541,130.01756,K2BlackPanther,35.0000317,130.027218,T90,35.0001623,130.0351073,behind,ahead of,behind,ahead of,ahead of,behind
+2026-02-05T22:36:57Z,BTR80,35.0000541,130.01756,K2BlackPanther,35.0000317,130.027218,T90,35.0001623,130.0350336,behind,ahead of,behind,ahead of,ahead of,behind
+2026-02-05T22:36:58Z,BTR80,35.0000541,130.01756,K2BlackPanther,35.0000317,130.027218,T90,35.0001623,130.0349599,behind,ahead of,behind,ahead of,ahead of,behind
+2026-02-05T22:36:59Z,BTR80,35.0000541,130.01756,K2BlackPanther,35.0000317,130.027218,T90,35.0001623,130.0348862,behind,ahead of,behind,ahead of,ahead of,behind
+2026-02-05T22:37:00Z,BTR80,35.0000541,130.01756,K2BlackPanther,35.0000317,130.027218,T90,35.0001623,130.0348125,behind,ahead of,behind,ahead of,ahead of,behind
+2026-02-05T22:37:01Z,BTR80,35.0000541,130.01756,K2BlackPanther,35.0000317,130.027218,T90,35.0001623,130.0347388,behind,ahead of,behind,ahead of,ahead of,behind
+2026-02-05T22:37:02Z,BTR80,35.0000541,130.01756,K2BlackPanther,35.0000317,130.027218,T90,35.0001623,130.0346651,behind,ahead of,behind,ahead of,ahead of,behind
+2026-02-05T22:37:03Z,BTR80,35.0000541,130.01756,K2BlackPanther,35.0000317,130.027218,T90,35.0001623,130.0345914,behind,ahead of,behind,ahead of,ahead of,behind
+2026-02-05T22:37:04Z,BTR80,35.0000541,130.01756,K2BlackPanther,35.0000317,130.027218,T90,35.0001623,130.0345177,behind,ahead of,behind,ahead of,ahead of,behind
+2026-02-05T22:37:05Z,BTR80,35.0000541,130.01756,K2BlackPanther,35.0000317,130.027218,T90,35.0001623,130.034444,behind,ahead of,behind,ahead of,ahead of,behind
+2026-02-05T22:37:06Z,BTR80,35.0000541,130.01756,K2BlackPanther,35.0000317,130.027218,T90,35.0001623,130.0343703,behind,ahead of,behind,ahead of,ahead of,behind
+2026-02-05T22:37:07Z,BTR80,35.0000541,130.01756,K2BlackPanther,35.0000317,130.027218,T90,35.0001623,130.0342966,behind,ahead of,behind,ahead of,ahead of,behind
+2026-02-05T22:37:08Z,BTR80,35.0000541,130.01756,K2BlackPanther,35.0000317,130.027218,T90,35.0001623,130.0342229,behind,ahead of,behind,ahead of,ahead of,behind
+2026-02-05T22:37:09Z,BTR80,35.0000541,130.01756,K2BlackPanther,35.0000317,130.027218,T90,35.0001623,130.0341492,behind,ahead of,behind,ahead of,ahead of,behind
+2026-02-05T22:37:10Z,BTR80,35.0000541,130.01756,K2BlackPanther,35.0000317,130.027218,T90,35.0001623,130.0340755,behind,ahead of,behind,ahead of,ahead of,behind
+2026-02-05T22:37:11Z,BTR80,35.0000541,130.01756,K2BlackPanther,35.0000317,130.027218,T90,35.0001623,130.0340018,behind,ahead of,behind,ahead of,ahead of,behind
+2026-02-05T22:37:12Z,BTR80,35.0000541,130.01756,K2BlackPanther,35.0000317,130.027218,T90,35.0001623,130.0339281,behind,ahead of,behind,ahead of,ahead of,behind
+2026-02-05T22:37:13Z,BTR80,35.0000541,130.01756,K2BlackPanther,35.0000317,130.027218,T90,35.0001623,130.0338544,behind,ahead of,behind,ahead of,ahead of,behind
+2026-02-05T22:37:14Z,BTR80,35.0000541,130.01756,K2BlackPanther,35.0000317,130.027218,T90,35.0001623,130.0337807,behind,ahead of,behind,ahead of,ahead of,behind
+2026-02-05T22:37:15Z,BTR80,35.0000541,130.01756,K2BlackPanther,35.0000317,130.027218,T90,35.0001623,130.033707,behind,ahead of,behind,ahead of,ahead of,behind
+2026-02-05T22:37:16Z,BTR80,35.0000541,130.01756,K2BlackPanther,35.0000317,130.027218,T90,35.0001623,130.0336333,behind,ahead of,behind,ahead of,ahead of,behind
+2026-02-05T22:37:17Z,BTR80,35.0000541,130.01756,K2BlackPanther,35.0000317,130.027218,T90,35.0001623,130.0335596,behind,ahead of,behind,ahead of,ahead of,behind
+2026-02-05T22:37:18Z,BTR80,35.0000541,130.01756,K2BlackPanther,35.0000317,130.027218,T90,35.0001623,130.0334859,behind,ahead of,behind,ahead of,ahead of,behind
+2026-02-05T22:37:19Z,BTR80,35.0000541,130.01756,K2BlackPanther,35.0000317,130.027218,T90,35.0001623,130.0334122,behind,ahead of,behind,ahead of,ahead of,behind
+2026-02-05T22:37:20Z,BTR80,35.0000541,130.01756,K2BlackPanther,35.0000317,130.027218,T90,35.0001623,130.0333385,behind,ahead of,behind,ahead of,ahead of,behind
+2026-02-05T22:37:21Z,BTR80,35.0000541,130.01756,K2BlackPanther,35.0000317,130.027218,T90,35.0001623,130.0332648,behind,ahead of,behind,ahead of,ahead of,behind
+2026-02-05T22:37:22Z,BTR80,35.0000541,130.01756,K2BlackPanther,35.0000317,130.027218,T90,35.0001623,130.0331911,behind,ahead of,behind,ahead of,ahead of,behind
+2026-02-05T22:37:23Z,BTR80,35.0000541,130.01756,K2BlackPanther,35.0000317,130.027218,T90,35.0001623,130.0331174,behind,ahead of,behind,ahead of,ahead of,behind
+2026-02-05T22:37:24Z,BTR80,35.0000541,130.01756,K2BlackPanther,35.0000317,130.027218,T90,35.0001623,130.0330437,behind,ahead of,behind,ahead of,ahead of,behind
+2026-02-05T22:37:25Z,BTR80,35.0000541,130.01756,K2BlackPanther,35.0000317,130.027218,T90,35.0001623,130.03297,behind,ahead of,behind,ahead of,ahead of,behind
+2026-02-05T22:37:26Z,BTR80,35.0000541,130.01756,K2BlackPanther,35.0000317,130.027218,T90,35.0001623,130.0328963,behind,ahead of,behind,ahead of,ahead of,behind
+2026-02-05T22:37:27Z,BTR80,35.0000541,130.01756,K2BlackPanther,35.0000317,130.027218,T90,35.0001623,130.0328226,behind,ahead of,behind,ahead of,ahead of,behind
+2026-02-05T22:37:28Z,BTR80,35.0000541,130.01756,K2BlackPanther,35.0000317,130.027218,T90,35.0001623,130.0327489,behind,ahead of,behind,ahead of,ahead of,behind
+2026-02-05T22:37:29Z,BTR80,35.0000541,130.01756,K2BlackPanther,35.0000317,130.027218,T90,35.0001623,130.0326752,behind,ahead of,behind,ahead of,ahead of,behind
+2026-02-05T22:37:30Z,BTR80,35.0000541,130.01756,K2BlackPanther,35.0000317,130.027218,T90,35.0001623,130.0326016,behind,ahead of,behind,ahead of,ahead of,behind
+2026-02-05T22:37:31Z,BTR80,35.0000541,130.01756,K2BlackPanther,35.0000317,130.027218,T90,35.0001623,130.0325279,behind,ahead of,behind,ahead of,ahead of,behind
+2026-02-05T22:37:32Z,BTR80,35.0000541,130.01756,K2BlackPanther,35.0000317,130.027218,T90,35.0001623,130.0324542,behind,ahead of,behind,ahead of,ahead of,behind
+2026-02-05T22:37:33Z,BTR80,35.0000541,130.01756,K2BlackPanther,35.0000317,130.027218,T90,35.0001623,130.0323805,behind,ahead of,behind,ahead of,ahead of,behind
+2026-02-05T22:37:34Z,BTR80,35.0000541,130.01756,K2BlackPanther,35.0000317,130.027218,T90,35.0001623,130.0323068,behind,ahead of,behind,ahead of,ahead of,behind
+2026-02-05T22:37:35Z,BTR80,35.0000541,130.01756,K2BlackPanther,35.0000317,130.027218,T90,35.0001623,130.0322331,behind,ahead of,behind,ahead of,ahead of,behind
+2026-02-05T22:37:36Z,BTR80,35.0000541,130.01756,K2BlackPanther,35.0000317,130.027218,T90,35.0001623,130.0321594,behind,ahead of,behind,ahead of,ahead of,behind
+2026-02-05T22:37:37Z,BTR80,35.0000541,130.01756,K2BlackPanther,35.0000317,130.027218,T90,35.0001623,130.0320857,behind,ahead of,behind,ahead of,ahead of,behind
+2026-02-05T22:37:38Z,BTR80,35.0000541,130.01756,K2BlackPanther,35.0000317,130.027218,T90,35.0001623,130.032012,behind,ahead of,behind,ahead of,ahead of,behind
+2026-02-05T22:37:39Z,BTR80,35.0000541,130.01756,K2BlackPanther,35.0000317,130.027218,T90,35.0001623,130.0319383,behind,ahead of,behind,ahead of,ahead of,behind
+2026-02-05T22:37:40Z,BTR80,35.0000541,130.01756,K2BlackPanther,35.0000317,130.027218,T90,35.0001623,130.0318646,behind,ahead of,behind,ahead of,ahead of,behind
+2026-02-05T22:37:41Z,BTR80,35.0000541,130.01756,K2BlackPanther,35.0000317,130.027218,T90,35.0001623,130.0317909,behind,ahead of,behind,ahead of,ahead of,behind
+2026-02-05T22:37:42Z,BTR80,35.0000541,130.01756,K2BlackPanther,35.0000317,130.027218,T90,35.0001623,130.0317172,behind,ahead of,behind,ahead of,ahead of,behind
+2026-02-05T22:37:43Z,BTR80,35.0000541,130.01756,K2BlackPanther,35.0000317,130.027218,T90,35.0001623,130.0316435,behind,ahead of,behind,ahead of,ahead of,behind
+2026-02-05T22:37:44Z,BTR80,35.0000541,130.01756,K2BlackPanther,35.0000317,130.027218,T90,35.0001623,130.0315698,behind,ahead of,behind,ahead of,ahead of,behind
+2026-02-05T22:37:45Z,BTR80,35.0000541,130.01756,K2BlackPanther,35.0000317,130.027218,T90,35.0001623,130.0314961,behind,ahead of,behind,ahead of,ahead of,behind
+2026-02-05T22:37:46Z,BTR80,35.0000541,130.01756,K2BlackPanther,35.0000317,130.027218,T90,35.0001623,130.0314224,behind,ahead of,behind,ahead of,ahead of,behind
+2026-02-05T22:37:47Z,BTR80,35.0000541,130.01756,K2BlackPanther,35.0000317,130.027218,T90,35.0001623,130.0313487,behind,ahead of,behind,ahead of,ahead of,behind
+2026-02-05T22:37:48Z,BTR80,35.0000541,130.01756,K2BlackPanther,35.0000317,130.027218,T90,35.0001623,130.031275,behind,ahead of,behind,ahead of,ahead of,behind
+2026-02-05T22:37:49Z,BTR80,35.0000541,130.01756,K2BlackPanther,35.0000317,130.027218,T90,35.0001623,130.0312013,behind,ahead of,behind,ahead of,ahead of,behind
+2026-02-05T22:37:50Z,BTR80,35.0000541,130.01756,K2BlackPanther,35.0000317,130.027218,T90,35.0001623,130.0311276,behind,ahead of,behind,ahead of,ahead of,behind
+2026-02-05T22:37:51Z,BTR80,35.0000541,130.01756,K2BlackPanther,35.0000317,130.027218,T90,35.0001623,130.0310539,behind,ahead of,behind,ahead of,ahead of,behind
+2026-02-05T22:37:52Z,BTR80,35.0000541,130.01756,K2BlackPanther,35.0000317,130.027218,T90,35.0001623,130.0309802,behind,ahead of,behind,ahead of,ahead of,behind
+2026-02-05T22:37:53Z,BTR80,35.0000541,130.01756,K2BlackPanther,35.0000317,130.027218,T90,35.0001623,130.0309065,behind,ahead of,behind,ahead of,ahead of,behind
+2026-02-05T22:37:54Z,BTR80,35.0000541,130.01756,K2BlackPanther,35.0000317,130.027218,T90,35.0001623,130.0308328,behind,ahead of,behind,ahead of,ahead of,behind
+2026-02-05T22:37:55Z,BTR80,35.0000541,130.01756,K2BlackPanther,35.0000317,130.027218,T90,35.0001623,130.0307591,behind,ahead of,behind,ahead of,ahead of,behind
+2026-02-05T22:37:56Z,BTR80,35.0000541,130.01756,K2BlackPanther,35.0000317,130.027218,T90,35.0001623,130.0306854,behind,ahead of,behind,ahead of,ahead of,behind
+2026-02-05T22:37:57Z,BTR80,35.0000541,130.01756,K2BlackPanther,35.0000317,130.027218,T90,35.0001623,130.0306117,behind,ahead of,behind,ahead of,ahead of,behind
+2026-02-05T22:37:58Z,BTR80,35.0000541,130.01756,K2BlackPanther,35.0000317,130.027218,T90,35.0001623,130.030538,behind,ahead of,behind,ahead of,ahead of,behind
+2026-02-05T22:37:59Z,BTR80,35.0000541,130.01756,K2BlackPanther,35.0000317,130.027218,T90,35.0001623,130.0304643,behind,ahead of,behind,ahead of,ahead of,behind
+2026-02-05T22:38:00Z,BTR80,35.0000541,130.01756,K2BlackPanther,35.0000317,130.027218,T90,35.0001623,130.0303906,behind,ahead of,behind,ahead of,ahead of,behind
+2026-02-05T22:38:01Z,BTR80,35.0000541,130.01756,K2BlackPanther,35.0000317,130.027218,T90,35.0001623,130.0303169,behind,ahead of,behind,ahead of,ahead of,behind
+2026-02-05T22:38:02Z,BTR80,35.0000541,130.01756,K2BlackPanther,35.0000317,130.027218,T90,35.0001623,130.0302432,behind,ahead of,behind,ahead of,ahead of,behind
+2026-02-05T22:38:03Z,BTR80,35.0000541,130.01756,K2BlackPanther,35.0000317,130.027218,T90,35.0001623,130.0301695,behind,ahead of,behind,ahead of,ahead of,behind
+2026-02-05T22:38:04Z,BTR80,35.0000541,130.01756,K2BlackPanther,35.0000317,130.027218,T90,35.0001623,130.0300958,behind,ahead of,behind,ahead of,ahead of,behind
+2026-02-05T22:38:05Z,BTR80,35.0000541,130.01756,K2BlackPanther,35.0000317,130.027218,T90,35.0001623,130.0300221,behind,ahead of,behind,ahead of,ahead of,behind
+2026-02-05T22:38:06Z,BTR80,35.0000541,130.01756,K2BlackPanther,35.0000317,130.027218,T90,35.0001623,130.0299484,behind,ahead of,behind,ahead of,ahead of,behind
+2026-02-05T22:38:07Z,BTR80,35.0000541,130.01756,K2BlackPanther,35.0000317,130.027218,T90,35.0001623,130.0298747,behind,ahead of,behind,ahead of,ahead of,behind
+2026-02-05T22:38:08Z,BTR80,35.0000541,130.01756,K2BlackPanther,35.0000317,130.027218,T90,35.0001623,130.0298011,behind,ahead of,behind,ahead of,ahead of,behind
+2026-02-05T22:38:09Z,BTR80,35.0000541,130.01756,K2BlackPanther,35.0000317,130.027218,T90,35.0001623,130.0297274,behind,ahead of,behind,ahead of,ahead of,behind
+2026-02-05T22:38:10Z,BTR80,35.0000541,130.01756,K2BlackPanther,35.0000317,130.027218,T90,35.0001623,130.0296537,behind,ahead of,behind,ahead of,ahead of,behind
+2026-02-05T22:38:11Z,BTR80,35.0000541,130.01756,K2BlackPanther,35.0000317,130.027218,T90,35.0001623,130.02958,behind,ahead of,behind,ahead of,ahead of,behind
+2026-02-05T22:38:12Z,BTR80,35.0000541,130.01756,K2BlackPanther,35.0000317,130.027218,T90,35.0001623,130.0295063,behind,ahead of,behind,ahead of,ahead of,behind
+2026-02-05T22:38:13Z,BTR80,35.0000541,130.01756,K2BlackPanther,35.0000317,130.027218,T90,35.0001623,130.0294326,behind,ahead of,behind,ahead of,ahead of,behind
+2026-02-05T22:38:14Z,BTR80,35.0000541,130.01756,K2BlackPanther,35.0000317,130.027218,T90,35.0001623,130.0293589,behind,ahead of,behind,ahead of,ahead of,behind
+2026-02-05T22:38:15Z,BTR80,35.0000541,130.01756,K2BlackPanther,35.0000317,130.027218,T90,35.0001623,130.0292852,behind,ahead of,behind,ahead of,ahead of,behind
+2026-02-05T22:38:16Z,BTR80,35.0000541,130.01756,K2BlackPanther,35.0000317,130.027218,T90,35.0001623,130.0292115,behind,ahead of,behind,ahead of,ahead of,behind
+2026-02-05T22:38:17Z,BTR80,35.0000541,130.01756,K2BlackPanther,35.0000317,130.027218,T90,35.0001623,130.0291378,behind,ahead of,behind,ahead of,ahead of,behind
+2026-02-05T22:38:18Z,BTR80,35.0000541,130.01756,K2BlackPanther,35.0000317,130.027218,T90,35.0001623,130.0290641,behind,ahead of,behind,ahead of,ahead of,behind
+2026-02-05T22:38:19Z,BTR80,35.0000541,130.01756,K2BlackPanther,35.0000317,130.027218,T90,35.0001623,130.0289904,behind,ahead of,behind,ahead of,ahead of,behind
+2026-02-05T22:38:20Z,BTR80,35.0000541,130.01756,K2BlackPanther,35.0000317,130.027218,T90,35.0001623,130.0289167,behind,ahead of,behind,ahead of,ahead of,behind
+2026-02-05T22:38:21Z,BTR80,35.0000541,130.01756,K2BlackPanther,35.0000317,130.027218,T90,35.0001623,130.028843,behind,ahead of,behind,ahead of,ahead of,behind
+2026-02-05T22:38:22Z,BTR80,35.0000541,130.01756,K2BlackPanther,35.0000317,130.027218,T90,35.0001623,130.0287693,behind,ahead of,behind,ahead of,ahead of,behind
+2026-02-05T22:38:23Z,BTR80,35.0000541,130.01756,K2BlackPanther,35.0000317,130.027218,T90,35.0001623,130.0286956,behind,ahead of,behind,ahead of,ahead of,behind
+2026-02-05T22:38:24Z,BTR80,35.0000541,130.01756,K2BlackPanther,35.0000317,130.027218,T90,35.0001623,130.0286219,behind,ahead of,behind,ahead of,ahead of,behind
+2026-02-05T22:38:25Z,BTR80,35.0000541,130.01756,K2BlackPanther,35.0000317,130.027218,T90,35.0001623,130.0285482,behind,ahead of,behind,ahead of,ahead of,behind
+2026-02-05T22:38:26Z,BTR80,35.0000541,130.01756,K2BlackPanther,35.0000317,130.027218,T90,35.0001623,130.0284745,behind,ahead of,behind,ahead of,ahead of,behind
+2026-02-05T22:38:27Z,BTR80,35.0000541,130.01756,K2BlackPanther,35.0000317,130.027218,T90,35.0001623,130.0284008,behind,ahead of,behind,ahead of,ahead of,behind
+2026-02-05T22:38:28Z,BTR80,35.0000541,130.01756,K2BlackPanther,35.0000317,130.027218,T90,35.0001623,130.0283271,behind,ahead of,behind,ahead of,ahead of,behind
+2026-02-05T22:38:29Z,BTR80,35.0000541,130.01756,K2BlackPanther,35.0000317,130.027218,T90,35.0001623,130.0282534,behind,ahead of,behind,ahead of,ahead of,behind
+2026-02-05T22:38:30Z,BTR80,35.0000541,130.01756,K2BlackPanther,35.0000317,130.027218,T90,35.0001623,130.0281797,behind,ahead of,behind,ahead of,ahead of,behind
+2026-02-05T22:38:31Z,BTR80,35.0000541,130.01756,K2BlackPanther,35.0000317,130.027218,T90,35.0001623,130.028106,behind,ahead of,behind,ahead of,ahead of,behind
+2026-02-05T22:38:32Z,BTR80,35.0000541,130.01756,K2BlackPanther,35.0000317,130.027218,T90,35.0001623,130.0280323,behind,ahead of,behind,ahead of,ahead of,behind
+2026-02-05T22:38:33Z,BTR80,35.0000541,130.01756,K2BlackPanther,35.0000317,130.027218,T90,35.0001623,130.0279586,behind,ahead of,behind,ahead of,ahead of,behind
+2026-02-05T22:38:34Z,BTR80,35.0000541,130.01756,K2BlackPanther,35.0000317,130.027218,T90,35.0001623,130.0278849,behind,ahead of,behind,ahead of,ahead of,behind
+2026-02-05T22:38:35Z,BTR80,35.0000541,130.01756,K2BlackPanther,35.0000317,130.027218,T90,35.0001623,130.0278112,behind,ahead of,behind,ahead of,ahead of,behind
+2026-02-05T22:38:36Z,BTR80,35.0000541,130.01756,K2BlackPanther,35.0000317,130.027218,T90,35.0001623,130.0277375,behind,ahead of,behind,ahead of,ahead of,behind
+2026-02-05T22:38:37Z,BTR80,35.0000541,130.01756,K2BlackPanther,35.0000317,130.027218,T90,35.0001623,130.0276638,behind,ahead of,behind,ahead of,ahead of,behind
+2026-02-05T22:38:38Z,BTR80,35.0000541,130.01756,K2BlackPanther,35.0000317,130.027218,T90,35.0001623,130.0275901,behind,ahead of,behind,ahead of,ahead of,behind
+2026-02-05T22:38:39Z,BTR80,35.0000541,130.01756,K2BlackPanther,35.0000317,130.027218,T90,35.0001623,130.0275164,behind,ahead of,behind,ahead of,ahead of,behind
+2026-02-05T22:38:40Z,BTR80,35.0000541,130.01756,K2BlackPanther,35.0000317,130.027218,T90,35.0001623,130.0274427,behind,ahead of,behind,ahead of,ahead of,behind
+2026-02-05T22:38:41Z,BTR80,35.0000541,130.01756,K2BlackPanther,35.0000317,130.027218,T90,35.0001623,130.027369,behind,ahead of,behind,ahead of,ahead of,behind
+2026-02-05T22:38:42Z,BTR80,35.0000541,130.01756,K2BlackPanther,35.0000317,130.027218,T90,35.0001623,130.0272953,behind,ahead of,behind,ahead of,ahead of,behind
+2026-02-05T22:38:43Z,BTR80,35.0000541,130.01756,K2BlackPanther,35.0000317,130.027218,T90,35.0001623,130.0272216,behind,ahead of,beside,beside,ahead of,behind
+2026-02-05T22:38:44Z,BTR80,35.0000541,130.01756,K2BlackPanther,35.0000317,130.027218,T90,35.0001623,130.0271479,behind,ahead of,ahead of,behind,ahead of,behind
+2026-02-05T22:38:45Z,BTR80,35.0000541,130.01756,K2BlackPanther,35.0000317,130.027218,T90,35.0001623,130.0270742,behind,ahead of,ahead of,behind,ahead of,behind
+2026-02-05T22:38:46Z,BTR80,35.0000541,130.01756,K2BlackPanther,35.0000317,130.027218,T90,35.0001623,130.0270005,behind,ahead of,ahead of,behind,ahead of,behind
+2026-02-05T22:38:47Z,BTR80,35.0000541,130.01756,K2BlackPanther,35.0000317,130.027218,T90,35.0001623,130.0269269,behind,ahead of,ahead of,behind,ahead of,behind
+2026-02-05T22:38:48Z,BTR80,35.0000541,130.01756,K2BlackPanther,35.0000317,130.027218,T90,35.0001623,130.0268532,behind,ahead of,ahead of,behind,ahead of,behind
+2026-02-05T22:38:49Z,BTR80,35.0000541,130.01756,K2BlackPanther,35.0000317,130.027218,T90,35.0001623,130.0267795,behind,ahead of,ahead of,behind,ahead of,behind
+2026-02-05T22:38:50Z,BTR80,35.0000541,130.01756,K2BlackPanther,35.0000317,130.027218,T90,35.0001623,130.0267058,behind,ahead of,ahead of,behind,ahead of,behind
+2026-02-05T22:38:51Z,BTR80,35.0000541,130.01756,K2BlackPanther,35.0000317,130.027218,T90,35.0001623,130.0266321,behind,ahead of,ahead of,behind,ahead of,behind
+2026-02-05T22:38:52Z,BTR80,35.0000541,130.01756,K2BlackPanther,35.0000317,130.027218,T90,35.0001623,130.0265584,behind,ahead of,ahead of,behind,ahead of,behind
+2026-02-05T22:38:53Z,BTR80,35.0000541,130.01756,K2BlackPanther,35.0000317,130.027218,T90,35.0001623,130.0264847,behind,ahead of,ahead of,behind,ahead of,behind
+2026-02-05T22:38:54Z,BTR80,35.0000541,130.01756,K2BlackPanther,35.0000317,130.027218,T90,35.0001623,130.026411,behind,ahead of,ahead of,behind,ahead of,behind
+2026-02-05T22:38:55Z,BTR80,35.0000541,130.01756,K2BlackPanther,35.0000317,130.027218,T90,35.0001623,130.0263373,behind,ahead of,ahead of,behind,ahead of,behind
+2026-02-05T22:38:56Z,BTR80,35.0000541,130.01756,K2BlackPanther,35.0000317,130.027218,T90,35.0001623,130.0262636,behind,ahead of,ahead of,behind,ahead of,behind
+2026-02-05T22:38:57Z,BTR80,35.0000541,130.01756,K2BlackPanther,35.0000317,130.027218,T90,35.0001623,130.0261899,behind,ahead of,ahead of,behind,ahead of,behind
+2026-02-05T22:38:58Z,BTR80,35.0000541,130.01756,K2BlackPanther,35.0000317,130.027218,T90,35.0001623,130.0261162,behind,ahead of,ahead of,behind,ahead of,behind
+2026-02-05T22:38:59Z,BTR80,35.0000541,130.01756,K2BlackPanther,35.0000317,130.027218,T90,35.0001623,130.0260425,behind,ahead of,ahead of,behind,ahead of,behind
+2026-02-05T22:39:00Z,BTR80,35.0000541,130.01756,K2BlackPanther,35.0000317,130.027218,T90,35.0001623,130.0259688,behind,ahead of,ahead of,behind,ahead of,behind
+2026-02-05T22:39:01Z,BTR80,35.0000541,130.01756,K2BlackPanther,35.0000317,130.027218,T90,35.0001623,130.0258951,behind,ahead of,ahead of,behind,ahead of,behind
+2026-02-05T22:39:02Z,BTR80,35.0000541,130.01756,K2BlackPanther,35.0000317,130.027218,T90,35.0001623,130.0258214,behind,ahead of,ahead of,behind,ahead of,behind
+2026-02-05T22:39:03Z,BTR80,35.0000541,130.01756,K2BlackPanther,35.0000317,130.027218,T90,35.0001623,130.0257477,behind,ahead of,ahead of,behind,ahead of,behind
+2026-02-05T22:39:04Z,BTR80,35.0000541,130.01756,K2BlackPanther,35.0000317,130.027218,T90,35.0001623,130.025674,behind,ahead of,ahead of,behind,ahead of,behind
+2026-02-05T22:39:05Z,BTR80,35.0000541,130.01756,K2BlackPanther,35.0000317,130.027218,T90,35.0001623,130.0256003,behind,ahead of,ahead of,behind,ahead of,behind
+2026-02-05T22:39:06Z,BTR80,35.0000541,130.01756,K2BlackPanther,35.0000317,130.027218,T90,35.0001623,130.0255266,behind,ahead of,ahead of,behind,ahead of,behind
+2026-02-05T22:39:07Z,BTR80,35.0000541,130.01756,K2BlackPanther,35.0000317,130.027218,T90,35.0001623,130.0254529,behind,ahead of,ahead of,behind,ahead of,behind
+2026-02-05T22:39:08Z,BTR80,35.0000541,130.01756,K2BlackPanther,35.0000317,130.027218,T90,35.0001623,130.0253792,behind,ahead of,ahead of,behind,ahead of,behind
+2026-02-05T22:39:09Z,BTR80,35.0000541,130.01756,K2BlackPanther,35.0000317,130.027218,T90,35.0001623,130.0253055,behind,ahead of,ahead of,behind,ahead of,behind
+2026-02-05T22:39:10Z,BTR80,35.0000541,130.01756,K2BlackPanther,35.0000317,130.027218,T90,35.0001623,130.0252318,behind,ahead of,ahead of,behind,ahead of,behind
+2026-02-05T22:39:11Z,BTR80,35.0000541,130.01756,K2BlackPanther,35.0000317,130.027218,T90,35.0001623,130.0251581,behind,ahead of,ahead of,behind,ahead of,behind
+2026-02-05T22:39:12Z,BTR80,35.0000541,130.01756,K2BlackPanther,35.0000317,130.027218,T90,35.0001623,130.0250844,behind,ahead of,ahead of,behind,ahead of,behind
+2026-02-05T22:39:13Z,BTR80,35.0000541,130.01756,K2BlackPanther,35.0000317,130.027218,T90,35.0001623,130.0250107,behind,ahead of,ahead of,behind,ahead of,behind
+2026-02-05T22:39:14Z,BTR80,35.0000541,130.01756,K2BlackPanther,35.0000317,130.027218,T90,35.0001623,130.024937,behind,ahead of,ahead of,behind,ahead of,behind
+2026-02-05T22:39:15Z,BTR80,35.0000541,130.01756,K2BlackPanther,35.0000317,130.027218,T90,35.0001623,130.0248633,behind,ahead of,ahead of,behind,ahead of,behind
+2026-02-05T22:39:16Z,BTR80,35.0000541,130.01756,K2BlackPanther,35.0000317,130.027218,T90,35.0001623,130.0247896,behind,ahead of,ahead of,behind,ahead of,behind
+2026-02-05T22:39:17Z,BTR80,35.0000541,130.01756,K2BlackPanther,35.0000317,130.027218,T90,35.0001623,130.0247159,behind,ahead of,ahead of,behind,ahead of,behind
+2026-02-05T22:39:18Z,BTR80,35.0000541,130.01756,K2BlackPanther,35.0000317,130.027218,T90,35.0001623,130.0246422,behind,ahead of,ahead of,behind,ahead of,behind
+2026-02-05T22:39:19Z,BTR80,35.0000541,130.01756,K2BlackPanther,35.0000317,130.027218,T90,35.0001623,130.0245685,behind,ahead of,ahead of,behind,ahead of,behind
+2026-02-05T22:39:20Z,BTR80,35.0000541,130.01756,K2BlackPanther,35.0000317,130.027218,T90,35.0001623,130.0244948,behind,ahead of,ahead of,behind,ahead of,behind
+2026-02-05T22:39:21Z,BTR80,35.0000541,130.01756,K2BlackPanther,35.0000317,130.027218,T90,35.0001623,130.0244211,behind,ahead of,ahead of,behind,ahead of,behind
+2026-02-05T22:39:22Z,BTR80,35.0000541,130.01756,K2BlackPanther,35.0000317,130.027218,T90,35.0001623,130.0243474,behind,ahead of,ahead of,behind,ahead of,behind
+2026-02-05T22:39:23Z,BTR80,35.0000541,130.01756,K2BlackPanther,35.0000317,130.027218,T90,35.0001623,130.0242737,behind,ahead of,ahead of,behind,ahead of,behind
+2026-02-05T22:39:24Z,BTR80,35.0000541,130.01756,K2BlackPanther,35.0000317,130.027218,T90,35.0001623,130.0242,behind,ahead of,ahead of,behind,ahead of,behind
+2026-02-05T22:39:25Z,BTR80,35.0000541,130.01756,K2BlackPanther,35.0000317,130.027218,T90,35.0001623,130.0241264,behind,ahead of,ahead of,behind,ahead of,behind
+2026-02-05T22:39:26Z,BTR80,35.0000541,130.01756,K2BlackPanther,35.0000317,130.027218,T90,35.0001623,130.0240527,behind,ahead of,ahead of,behind,ahead of,behind
+2026-02-05T22:39:27Z,BTR80,35.0000541,130.01756,K2BlackPanther,35.0000317,130.027218,T90,35.0001623,130.023979,behind,ahead of,ahead of,behind,ahead of,behind
+2026-02-05T22:39:28Z,BTR80,35.0000541,130.01756,K2BlackPanther,35.0000317,130.027218,T90,35.0001623,130.0239053,behind,ahead of,ahead of,behind,ahead of,behind
+2026-02-05T22:39:29Z,BTR80,35.0000541,130.01756,K2BlackPanther,35.0000317,130.027218,T90,35.0001623,130.0238316,behind,ahead of,ahead of,behind,ahead of,behind
+2026-02-05T22:39:30Z,BTR80,35.0000541,130.01756,K2BlackPanther,35.0000317,130.027218,T90,35.0001623,130.0237579,behind,ahead of,ahead of,behind,ahead of,behind
+2026-02-05T22:39:31Z,BTR80,35.0000541,130.01756,K2BlackPanther,35.0000317,130.027218,T90,35.0001623,130.0236842,behind,ahead of,ahead of,behind,ahead of,behind
+2026-02-05T22:39:32Z,BTR80,35.0000541,130.01756,K2BlackPanther,35.0000317,130.027218,T90,35.0001623,130.0236105,behind,ahead of,ahead of,behind,ahead of,behind
+2026-02-05T22:39:33Z,BTR80,35.0000541,130.01756,K2BlackPanther,35.0000317,130.027218,T90,35.0001623,130.0235368,behind,ahead of,ahead of,behind,ahead of,behind
+2026-02-05T22:39:34Z,BTR80,35.0000541,130.01756,K2BlackPanther,35.0000317,130.027218,T90,35.0001623,130.0234631,behind,ahead of,ahead of,behind,ahead of,behind
+2026-02-05T22:39:35Z,BTR80,35.0000541,130.01756,K2BlackPanther,35.0000317,130.027218,T90,35.0001623,130.0233894,behind,ahead of,ahead of,behind,ahead of,behind
+2026-02-05T22:39:36Z,BTR80,35.0000541,130.01756,K2BlackPanther,35.0000317,130.027218,T90,35.0001623,130.0233157,behind,ahead of,ahead of,behind,ahead of,behind
+2026-02-05T22:39:37Z,BTR80,35.0000541,130.01756,K2BlackPanther,35.0000317,130.027218,T90,35.0001623,130.023242,behind,ahead of,ahead of,behind,ahead of,behind
+2026-02-05T22:39:38Z,BTR80,35.0000541,130.01756,K2BlackPanther,35.0000317,130.027218,T90,35.0001623,130.0231683,behind,ahead of,ahead of,behind,ahead of,behind
+2026-02-05T22:39:39Z,BTR80,35.0000541,130.01756,K2BlackPanther,35.0000317,130.027218,T90,35.0001623,130.0230946,behind,ahead of,ahead of,behind,ahead of,behind
+2026-02-05T22:39:40Z,BTR80,35.0000541,130.01756,K2BlackPanther,35.0000317,130.027218,T90,35.0001623,130.0230209,behind,ahead of,ahead of,behind,ahead of,behind
+2026-02-05T22:39:41Z,BTR80,35.0000541,130.01756,K2BlackPanther,35.0000317,130.027218,T90,35.0001623,130.0229472,behind,ahead of,ahead of,behind,ahead of,behind
+2026-02-05T22:39:42Z,BTR80,35.0000541,130.01756,K2BlackPanther,35.0000317,130.027218,T90,35.0001623,130.0228735,behind,ahead of,ahead of,behind,ahead of,behind
+2026-02-05T22:39:43Z,BTR80,35.0000541,130.01756,K2BlackPanther,35.0000317,130.027218,T90,35.0001623,130.0227998,behind,ahead of,ahead of,behind,ahead of,behind
+2026-02-05T22:39:44Z,BTR80,35.0000541,130.01756,K2BlackPanther,35.0000317,130.027218,T90,35.0001623,130.0227261,behind,ahead of,ahead of,behind,ahead of,behind
+2026-02-05T22:39:45Z,BTR80,35.0000541,130.01756,K2BlackPanther,35.0000317,130.027218,T90,35.0001623,130.0226524,behind,ahead of,ahead of,behind,ahead of,behind
+2026-02-05T22:39:46Z,BTR80,35.0000541,130.01756,K2BlackPanther,35.0000317,130.027218,T90,35.0001623,130.0225787,behind,ahead of,ahead of,behind,ahead of,behind
+2026-02-05T22:39:47Z,BTR80,35.0000541,130.01756,K2BlackPanther,35.0000317,130.027218,T90,35.0001623,130.022505,behind,ahead of,ahead of,behind,ahead of,behind
+2026-02-05T22:39:48Z,BTR80,35.0000541,130.01756,K2BlackPanther,35.0000317,130.027218,T90,35.0001623,130.0224313,behind,ahead of,ahead of,behind,ahead of,behind
+2026-02-05T22:39:49Z,BTR80,35.0000541,130.01756,K2BlackPanther,35.0000317,130.027218,T90,35.0001623,130.0223576,behind,ahead of,ahead of,behind,ahead of,behind
+2026-02-05T22:39:50Z,BTR80,35.0000541,130.01756,K2BlackPanther,35.0000317,130.027218,T90,35.0001623,130.0222839,behind,ahead of,ahead of,behind,ahead of,behind
+2026-02-05T22:39:51Z,BTR80,35.0000541,130.01756,K2BlackPanther,35.0000317,130.027218,T90,35.0001623,130.0222102,behind,ahead of,ahead of,behind,ahead of,behind
+2026-02-05T22:39:52Z,BTR80,35.0000541,130.0176478,K2BlackPanther,35.0000317,130.027218,T90,35.0001623,130.0221365,behind,ahead of,ahead of,behind,ahead of,behind
+2026-02-05T22:39:53Z,BTR80,35.0000541,130.0177356,K2BlackPanther,35.0000317,130.027218,T90,35.0001623,130.0220628,behind,ahead of,ahead of,behind,ahead of,behind
+2026-02-05T22:39:54Z,BTR80,35.0000541,130.0178234,K2BlackPanther,35.0000317,130.027218,T90,35.0001623,130.0219891,behind,ahead of,ahead of,behind,ahead of,behind
+2026-02-05T22:39:55Z,BTR80,35.0000541,130.0179112,K2BlackPanther,35.0000317,130.027218,T90,35.0001623,130.0219154,behind,ahead of,ahead of,behind,ahead of,behind
+2026-02-05T22:39:56Z,BTR80,35.0000541,130.017999,K2BlackPanther,35.0000317,130.027218,T90,35.0001623,130.0218417,behind,ahead of,ahead of,behind,ahead of,behind
+2026-02-05T22:39:57Z,BTR80,35.0000541,130.0180868,K2BlackPanther,35.0000317,130.027218,T90,35.0001623,130.021768,behind,ahead of,ahead of,behind,ahead of,behind
+2026-02-05T22:39:58Z,BTR80,35.0000541,130.0181746,K2BlackPanther,35.0000317,130.027218,T90,35.0001623,130.0216943,behind,ahead of,ahead of,behind,ahead of,behind
+2026-02-05T22:39:59Z,BTR80,35.0000541,130.0182624,K2BlackPanther,35.0000317,130.027218,T90,35.0001623,130.0216206,behind,ahead of,ahead of,behind,ahead of,behind
+2026-02-05T22:40:00Z,BTR80,35.0000541,130.0183502,K2BlackPanther,35.0000317,130.027218,T90,35.0001623,130.0215469,behind,ahead of,ahead of,behind,ahead of,behind
+2026-02-05T22:40:01Z,BTR80,35.0000541,130.018438,K2BlackPanther,35.0000317,130.027218,T90,35.0001623,130.0214732,behind,ahead of,ahead of,behind,ahead of,behind
+2026-02-05T22:40:02Z,BTR80,35.0000541,130.0185258,K2BlackPanther,35.0000317,130.027218,T90,35.0001623,130.0213995,behind,ahead of,ahead of,behind,ahead of,behind
+2026-02-05T22:40:03Z,BTR80,35.0000541,130.0186136,K2BlackPanther,35.0000317,130.027218,T90,35.0001623,130.0213258,behind,ahead of,ahead of,behind,ahead of,behind
+2026-02-05T22:40:04Z,BTR80,35.0000541,130.0187014,K2BlackPanther,35.0000317,130.027218,T90,35.0001623,130.0212522,behind,ahead of,ahead of,behind,ahead of,behind
+2026-02-05T22:40:05Z,BTR80,35.0000541,130.0187892,K2BlackPanther,35.0000317,130.027218,T90,35.0001623,130.0211785,behind,ahead of,ahead of,behind,ahead of,behind
+2026-02-05T22:40:06Z,BTR80,35.0000541,130.018877,K2BlackPanther,35.0000317,130.027218,T90,35.0001623,130.0211048,behind,ahead of,ahead of,behind,ahead of,behind
+2026-02-05T22:40:07Z,BTR80,35.0000541,130.0189648,K2BlackPanther,35.0000317,130.027218,T90,35.0001623,130.0210311,behind,ahead of,ahead of,behind,ahead of,behind
+2026-02-05T22:40:08Z,BTR80,35.0000541,130.0190526,K2BlackPanther,35.0000317,130.027218,T90,35.0001623,130.0209574,behind,ahead of,ahead of,behind,ahead of,behind
+2026-02-05T22:40:09Z,BTR80,35.0000541,130.0191404,K2BlackPanther,35.0000317,130.027218,T90,35.0001623,130.0208837,behind,ahead of,ahead of,behind,ahead of,behind
+2026-02-05T22:40:10Z,BTR80,35.0000541,130.0192282,K2BlackPanther,35.0000317,130.027218,T90,35.0001623,130.02081,behind,ahead of,ahead of,behind,ahead of,behind
+2026-02-05T22:40:11Z,BTR80,35.0000541,130.019316,K2BlackPanther,35.0000317,130.027218,T90,35.0001623,130.0207363,behind,ahead of,ahead of,behind,ahead of,behind
+2026-02-05T22:40:12Z,BTR80,35.0000541,130.0194038,K2BlackPanther,35.0000317,130.027218,T90,35.0001623,130.0206626,behind,ahead of,ahead of,behind,ahead of,behind
+2026-02-05T22:40:13Z,BTR80,35.0000541,130.0194916,K2BlackPanther,35.0000317,130.027218,T90,35.0001623,130.0205889,behind,ahead of,ahead of,behind,ahead of,behind
+2026-02-05T22:40:14Z,BTR80,35.0000541,130.0195794,K2BlackPanther,35.0000317,130.027218,T90,35.0001623,130.0205152,behind,ahead of,ahead of,behind,ahead of,behind
+2026-02-05T22:40:15Z,BTR80,35.0000541,130.0196672,K2BlackPanther,35.0000317,130.027218,T90,35.0001623,130.0204415,behind,ahead of,ahead of,behind,ahead of,behind
+2026-02-05T22:40:16Z,BTR80,35.0000541,130.019755,K2BlackPanther,35.0000317,130.027218,T90,35.0001623,130.0203678,behind,ahead of,ahead of,behind,ahead of,behind
+2026-02-05T22:40:17Z,BTR80,35.0000541,130.0198428,K2BlackPanther,35.0000317,130.027218,T90,35.0001623,130.0202941,behind,ahead of,ahead of,behind,ahead of,behind
+2026-02-05T22:40:18Z,BTR80,35.0000541,130.0199306,K2BlackPanther,35.0000317,130.027218,T90,35.0001623,130.0202204,behind,ahead of,ahead of,behind,ahead of,behind
+2026-02-05T22:40:19Z,BTR80,35.0000541,130.0200184,K2BlackPanther,35.0000317,130.027218,T90,35.0001623,130.0201467,behind,ahead of,ahead of,behind,ahead of,behind
+2026-02-05T22:40:20Z,BTR80,35.0000541,130.0201062,K2BlackPanther,35.0000317,130.027218,T90,35.0001623,130.020073,behind,ahead of,ahead of,behind,beside,beside
+2026-02-05T22:40:21Z,BTR80,35.0000541,130.020194,K2BlackPanther,35.0000317,130.027218,T90,35.0001623,130.0199993,behind,ahead of,ahead of,behind,behind,ahead of
+2026-02-05T22:40:22Z,BTR80,35.0000541,130.0202818,K2BlackPanther,35.0000317,130.027218,T90,35.0001623,130.0199256,behind,ahead of,ahead of,behind,behind,ahead of
+2026-02-05T22:40:23Z,BTR80,35.0000541,130.0203696,K2BlackPanther,35.0000317,130.027218,T90,35.0001623,130.0198519,behind,ahead of,ahead of,behind,behind,ahead of
+2026-02-05T22:40:24Z,BTR80,35.0000541,130.0204574,K2BlackPanther,35.0000317,130.027218,T90,35.0001623,130.0197782,behind,ahead of,ahead of,behind,behind,ahead of
+2026-02-05T22:40:25Z,BTR80,35.0000541,130.0205452,K2BlackPanther,35.0000317,130.027218,T90,35.0001623,130.0197045,behind,ahead of,ahead of,behind,behind,ahead of
+2026-02-05T22:40:26Z,BTR80,35.0000541,130.020633,K2BlackPanther,35.0000317,130.027218,T90,35.0001623,130.0196308,behind,ahead of,ahead of,behind,behind,ahead of
+2026-02-05T22:40:27Z,BTR80,35.0000541,130.0207208,K2BlackPanther,35.0000317,130.027218,T90,35.0001623,130.0195571,behind,ahead of,ahead of,behind,behind,ahead of
+2026-02-05T22:40:28Z,BTR80,35.0000541,130.0208086,K2BlackPanther,35.0000317,130.027218,T90,35.0001623,130.0194834,behind,ahead of,ahead of,behind,behind,ahead of
+2026-02-05T22:40:29Z,BTR80,35.0000541,130.0208964,K2BlackPanther,35.0000317,130.027218,T90,35.0001623,130.0194097,behind,ahead of,ahead of,behind,behind,ahead of
+2026-02-05T22:40:30Z,BTR80,35.0000541,130.0209842,K2BlackPanther,35.0000317,130.027218,T90,35.0001623,130.019336,behind,ahead of,ahead of,behind,behind,ahead of
+2026-02-05T22:40:31Z,BTR80,35.0000541,130.021072,K2BlackPanther,35.0000317,130.027218,T90,35.0001623,130.0192623,behind,ahead of,ahead of,behind,behind,ahead of
+2026-02-05T22:40:32Z,BTR80,35.0000541,130.0211598,K2BlackPanther,35.0000317,130.027218,T90,35.0001623,130.0191886,behind,ahead of,ahead of,behind,behind,ahead of
+2026-02-05T22:40:33Z,BTR80,35.0000541,130.0212476,K2BlackPanther,35.0000317,130.027218,T90,35.0001623,130.0191149,behind,ahead of,ahead of,behind,behind,ahead of
+2026-02-05T22:40:34Z,BTR80,35.0000541,130.0213354,K2BlackPanther,35.0000317,130.027218,T90,35.0001623,130.0190412,behind,ahead of,ahead of,behind,behind,ahead of
+2026-02-05T22:40:35Z,BTR80,35.0000541,130.0214232,K2BlackPanther,35.0000317,130.027218,T90,35.0001623,130.0189675,behind,ahead of,ahead of,behind,behind,ahead of
+2026-02-05T22:40:36Z,BTR80,35.0000541,130.021511,K2BlackPanther,35.0000317,130.027218,T90,35.0001623,130.0188938,behind,ahead of,ahead of,behind,behind,ahead of
+2026-02-05T22:40:37Z,BTR80,35.0000541,130.0215988,K2BlackPanther,35.0000317,130.027218,T90,35.0001623,130.0188201,behind,ahead of,ahead of,behind,behind,ahead of
+2026-02-05T22:40:38Z,BTR80,35.0000541,130.0216866,K2BlackPanther,35.0000317,130.027218,T90,35.0001623,130.0187464,behind,ahead of,ahead of,behind,behind,ahead of
+2026-02-05T22:40:39Z,BTR80,35.0000541,130.0217744,K2BlackPanther,35.0000317,130.027218,T90,35.0001623,130.0186727,behind,ahead of,ahead of,behind,behind,ahead of
+2026-02-05T22:40:40Z,BTR80,35.0000541,130.0218622,K2BlackPanther,35.0000317,130.027218,T90,35.0001623,130.018599,behind,ahead of,ahead of,behind,behind,ahead of
+2026-02-05T22:40:41Z,BTR80,35.0000541,130.02195,K2BlackPanther,35.0000317,130.027218,T90,35.0001623,130.0185253,behind,ahead of,ahead of,behind,behind,ahead of
+2026-02-05T22:40:42Z,BTR80,35.0000541,130.0220378,K2BlackPanther,35.0000317,130.027218,T90,35.0001623,130.0184517,behind,ahead of,ahead of,behind,behind,ahead of
+2026-02-05T22:40:43Z,BTR80,35.0000541,130.0221256,K2BlackPanther,35.0000317,130.027218,T90,35.0001623,130.018378,behind,ahead of,ahead of,behind,behind,ahead of
+2026-02-05T22:40:44Z,BTR80,35.0000541,130.0222134,K2BlackPanther,35.0000317,130.027218,T90,35.0001623,130.0183043,behind,ahead of,ahead of,behind,behind,ahead of
+2026-02-05T22:40:45Z,BTR80,35.0000541,130.0223012,K2BlackPanther,35.0000317,130.027218,T90,35.0001623,130.0182306,behind,ahead of,ahead of,behind,behind,ahead of
+2026-02-05T22:40:46Z,BTR80,35.0000541,130.022389,K2BlackPanther,35.0000317,130.027218,T90,35.0001623,130.0181569,behind,ahead of,ahead of,behind,behind,ahead of
+2026-02-05T22:40:47Z,BTR80,35.0000541,130.0224768,K2BlackPanther,35.0000317,130.027218,T90,35.0001623,130.0180832,behind,ahead of,ahead of,behind,behind,ahead of
+2026-02-05T22:40:48Z,BTR80,35.0000541,130.0225646,K2BlackPanther,35.0000317,130.027218,T90,35.0001623,130.0180095,behind,ahead of,ahead of,behind,behind,ahead of
+2026-02-05T22:40:49Z,BTR80,35.0000541,130.0226524,K2BlackPanther,35.0000317,130.027218,T90,35.0001623,130.0179358,behind,ahead of,ahead of,behind,behind,ahead of
+2026-02-05T22:40:50Z,BTR80,35.0000541,130.0227402,K2BlackPanther,35.0000317,130.027218,T90,35.0001623,130.0178621,behind,ahead of,ahead of,behind,behind,ahead of
+2026-02-05T22:40:51Z,BTR80,35.0000541,130.022828,K2BlackPanther,35.0000317,130.027218,T90,35.0001623,130.0177884,behind,ahead of,ahead of,behind,behind,ahead of
+2026-02-05T22:40:52Z,BTR80,35.0000541,130.0229158,K2BlackPanther,35.0000317,130.027218,T90,35.0001623,130.0177147,behind,ahead of,ahead of,behind,behind,ahead of
+2026-02-05T22:40:53Z,BTR80,35.0000541,130.0230036,K2BlackPanther,35.0000317,130.027218,T90,35.0001623,130.017641,behind,ahead of,ahead of,behind,behind,ahead of
+2026-02-05T22:40:54Z,BTR80,35.0000541,130.0230914,K2BlackPanther,35.0000317,130.027218,T90,35.0001623,130.0175673,behind,ahead of,ahead of,behind,behind,ahead of
+2026-02-05T22:40:55Z,BTR80,35.0000541,130.0231792,K2BlackPanther,35.0000317,130.027218,T90,35.0001623,130.0174936,behind,ahead of,ahead of,behind,behind,ahead of
+2026-02-05T22:40:56Z,BTR80,35.0000541,130.023267,K2BlackPanther,35.0000317,130.027218,T90,35.0001623,130.0174199,behind,ahead of,ahead of,behind,behind,ahead of
+2026-02-05T22:40:57Z,BTR80,35.0000541,130.0233548,K2BlackPanther,35.0000317,130.027218,T90,35.0001623,130.0173462,behind,ahead of,ahead of,behind,behind,ahead of
+2026-02-05T22:40:58Z,BTR80,35.0000541,130.0234426,K2BlackPanther,35.0000317,130.027218,T90,35.0001623,130.0172725,behind,ahead of,ahead of,behind,behind,ahead of
+2026-02-05T22:40:59Z,BTR80,35.0000541,130.0235304,K2BlackPanther,35.0000317,130.027218,T90,35.0001623,130.0171988,behind,ahead of,ahead of,behind,behind,ahead of
+2026-02-05T22:41:00Z,BTR80,35.0000541,130.0236182,K2BlackPanther,35.0000317,130.027218,T90,35.0001623,130.0171251,behind,ahead of,ahead of,behind,behind,ahead of
+2026-02-05T22:41:01Z,BTR80,35.0000541,130.023706,K2BlackPanther,35.0000317,130.027218,T90,35.0001623,130.0170514,behind,ahead of,ahead of,behind,behind,ahead of
+2026-02-05T22:41:02Z,BTR80,35.0000541,130.0237938,K2BlackPanther,35.0000317,130.027218,T90,35.0001623,130.0169777,behind,ahead of,ahead of,behind,behind,ahead of
+2026-02-05T22:41:03Z,BTR80,35.0000541,130.0238816,K2BlackPanther,35.0000317,130.027218,T90,35.0001623,130.016904,behind,ahead of,ahead of,behind,behind,ahead of
+2026-02-05T22:41:04Z,BTR80,35.0000541,130.0239694,K2BlackPanther,35.0000317,130.027218,T90,35.0001623,130.0168303,behind,ahead of,ahead of,behind,behind,ahead of
+2026-02-05T22:41:05Z,BTR80,35.0000541,130.0240572,K2BlackPanther,35.0000317,130.027218,T90,35.0001623,130.0167566,behind,ahead of,ahead of,behind,behind,ahead of
+2026-02-05T22:41:06Z,BTR80,35.0000541,130.024145,K2BlackPanther,35.0000317,130.027218,T90,35.0001623,130.0166829,behind,ahead of,ahead of,behind,behind,ahead of
+2026-02-05T22:41:07Z,BTR80,35.0000541,130.0242328,K2BlackPanther,35.0000317,130.027218,T90,35.0001623,130.0166092,behind,ahead of,ahead of,behind,behind,ahead of
+2026-02-05T22:41:08Z,BTR80,35.0000541,130.0243206,K2BlackPanther,35.0000317,130.027218,T90,35.0001623,130.0165355,behind,ahead of,ahead of,behind,behind,ahead of
+2026-02-05T22:41:09Z,BTR80,35.0000541,130.0244084,K2BlackPanther,35.0000317,130.027218,T90,35.0001623,130.0164618,behind,ahead of,ahead of,behind,behind,ahead of
+2026-02-05T22:41:10Z,BTR80,35.0000541,130.0244962,K2BlackPanther,35.0000317,130.027218,T90,35.0001623,130.0163881,behind,ahead of,ahead of,behind,behind,ahead of
+2026-02-05T22:41:11Z,BTR80,35.0000541,130.024584,K2BlackPanther,35.0000317,130.027218,T90,35.0001623,130.0163144,behind,ahead of,ahead of,behind,behind,ahead of
+2026-02-05T22:41:12Z,BTR80,35.0000541,130.0246718,K2BlackPanther,35.0000317,130.027218,T90,35.0001623,130.0162407,behind,ahead of,ahead of,behind,behind,ahead of
+2026-02-05T22:41:13Z,BTR80,35.0000541,130.0247596,K2BlackPanther,35.0000317,130.027218,T90,35.0001623,130.016167,behind,ahead of,ahead of,behind,behind,ahead of
+2026-02-05T22:41:14Z,BTR80,35.0000541,130.0248474,K2BlackPanther,35.0000317,130.027218,T90,35.0001623,130.0160933,behind,ahead of,ahead of,behind,behind,ahead of
+2026-02-05T22:41:15Z,BTR80,35.0000541,130.0249352,K2BlackPanther,35.0000317,130.027218,T90,35.0001623,130.0160196,behind,ahead of,ahead of,behind,behind,ahead of
+2026-02-05T22:41:16Z,BTR80,35.0000541,130.025023,K2BlackPanther,35.0000317,130.027218,T90,35.0001623,130.0159459,behind,ahead of,ahead of,behind,behind,ahead of
+2026-02-05T22:41:17Z,BTR80,35.0000541,130.0251108,K2BlackPanther,35.0000317,130.027218,T90,35.0001623,130.0158722,behind,ahead of,ahead of,behind,behind,ahead of
+2026-02-05T22:41:18Z,BTR80,35.0000541,130.0251986,K2BlackPanther,35.0000317,130.027218,T90,35.0001623,130.0157985,behind,ahead of,ahead of,behind,behind,ahead of
+2026-02-05T22:41:19Z,BTR80,35.0000541,130.0252864,K2BlackPanther,35.0000317,130.027218,T90,35.0001623,130.0157248,behind,ahead of,ahead of,behind,behind,ahead of
+2026-02-05T22:41:20Z,BTR80,35.0000541,130.0253742,K2BlackPanther,35.0000317,130.027218,T90,35.0001623,130.0156512,behind,ahead of,ahead of,behind,behind,ahead of
+2026-02-05T22:41:21Z,BTR80,35.0000541,130.025462,K2BlackPanther,35.0000317,130.027218,T90,35.0001623,130.0155775,behind,ahead of,ahead of,behind,behind,ahead of
+2026-02-05T22:41:22Z,BTR80,35.0000541,130.0255498,K2BlackPanther,35.0000317,130.027218,T90,35.0001623,130.0155038,behind,ahead of,ahead of,behind,behind,ahead of
+2026-02-05T22:41:23Z,BTR80,35.0000541,130.0256376,K2BlackPanther,35.0000317,130.027218,T90,35.0001623,130.0154301,behind,ahead of,ahead of,behind,behind,ahead of
+2026-02-05T22:41:24Z,BTR80,35.0000541,130.0257254,K2BlackPanther,35.0000317,130.027218,T90,35.0001623,130.0153564,behind,ahead of,ahead of,behind,behind,ahead of
+2026-02-05T22:41:25Z,BTR80,35.0000541,130.0258132,K2BlackPanther,35.0000317,130.027218,T90,35.0001623,130.0152827,behind,ahead of,ahead of,behind,behind,ahead of
+2026-02-05T22:41:26Z,BTR80,35.0000541,130.025901,K2BlackPanther,35.0000317,130.027218,T90,35.0001623,130.015209,behind,ahead of,ahead of,behind,behind,ahead of
+2026-02-05T22:41:27Z,BTR80,35.0000541,130.0259888,K2BlackPanther,35.0000317,130.027218,T90,35.0001623,130.0151353,behind,ahead of,ahead of,behind,behind,ahead of
+2026-02-05T22:41:28Z,BTR80,35.0000541,130.0260766,K2BlackPanther,35.0000317,130.027218,T90,35.0001623,130.0150616,behind,ahead of,ahead of,behind,behind,ahead of
+2026-02-05T22:41:29Z,BTR80,35.0000541,130.0261644,K2BlackPanther,35.0000317,130.027218,T90,35.0001623,130.0149879,behind,ahead of,ahead of,behind,behind,ahead of
+2026-02-05T22:41:30Z,BTR80,35.0000541,130.0262522,K2BlackPanther,35.0000317,130.027218,T90,35.0001623,130.0149142,behind,ahead of,ahead of,behind,behind,ahead of
+2026-02-05T22:41:31Z,BTR80,35.0000541,130.02634,K2BlackPanther,35.0000317,130.027218,T90,35.0001623,130.0148405,behind,ahead of,ahead of,behind,behind,ahead of
+2026-02-05T22:41:32Z,BTR80,35.0000541,130.0264278,K2BlackPanther,35.0000317,130.027218,T90,35.0001623,130.0147668,behind,ahead of,ahead of,behind,behind,ahead of
+2026-02-05T22:41:33Z,BTR80,35.0000541,130.0265156,K2BlackPanther,35.0000317,130.027218,T90,35.0001623,130.0146931,behind,ahead of,ahead of,behind,behind,ahead of
+2026-02-05T22:41:34Z,BTR80,35.0000541,130.0266034,K2BlackPanther,35.0000317,130.027218,T90,35.0001623,130.0146194,behind,ahead of,ahead of,behind,behind,ahead of
+2026-02-05T22:41:35Z,BTR80,35.0000541,130.0266912,K2BlackPanther,35.0000317,130.027218,T90,35.0001623,130.0145457,behind,ahead of,ahead of,behind,behind,ahead of
+2026-02-05T22:41:36Z,BTR80,35.0000541,130.026779,K2BlackPanther,35.0000317,130.027218,T90,35.0001623,130.014472,behind,ahead of,ahead of,behind,behind,ahead of
+2026-02-05T22:41:37Z,BTR80,35.0000541,130.0268668,K2BlackPanther,35.0000317,130.027218,T90,35.0001623,130.0143983,behind,ahead of,ahead of,behind,behind,ahead of
+2026-02-05T22:41:38Z,BTR80,35.0000541,130.0269546,K2BlackPanther,35.0000317,130.027218,T90,35.0001623,130.0143246,behind,ahead of,ahead of,behind,behind,ahead of
+2026-02-05T22:41:39Z,BTR80,35.0000541,130.0270424,K2BlackPanther,35.0000317,130.027218,T90,35.0001623,130.0142509,behind,ahead of,ahead of,behind,behind,ahead of
+2026-02-05T22:41:40Z,BTR80,35.0000541,130.0271302,K2BlackPanther,35.0000317,130.027218,T90,35.0001623,130.0141772,behind,ahead of,ahead of,behind,behind,ahead of
+2026-02-05T22:41:41Z,BTR80,35.0000541,130.027218,K2BlackPanther,35.0000317,130.027218,T90,35.0001623,130.0141035,beside,beside,ahead of,behind,behind,ahead of
+2026-02-05T22:41:42Z,BTR80,35.0000541,130.0273058,K2BlackPanther,35.0000317,130.027218,T90,35.0001623,130.0140298,ahead of,behind,ahead of,behind,behind,ahead of
+2026-02-05T22:41:43Z,BTR80,35.0000541,130.0273936,K2BlackPanther,35.0000317,130.027218,T90,35.0001623,130.0139561,ahead of,behind,ahead of,behind,behind,ahead of
+2026-02-05T22:41:44Z,BTR80,35.0000541,130.0274814,K2BlackPanther,35.0000317,130.027218,T90,35.0001623,130.0138824,ahead of,behind,ahead of,behind,behind,ahead of
+2026-02-05T22:41:45Z,BTR80,35.0000541,130.0275692,K2BlackPanther,35.0000317,130.027218,T90,35.0001623,130.0138087,ahead of,behind,ahead of,behind,behind,ahead of
+2026-02-05T22:41:46Z,BTR80,35.0000541,130.027657,K2BlackPanther,35.0000317,130.027218,T90,35.0001623,130.013735,ahead of,behind,ahead of,behind,behind,ahead of
+2026-02-05T22:41:47Z,BTR80,35.0000541,130.0277448,K2BlackPanther,35.0000317,130.027218,T90,35.0001623,130.0136613,ahead of,behind,ahead of,behind,behind,ahead of
+2026-02-05T22:41:48Z,BTR80,35.0000541,130.0278326,K2BlackPanther,35.0000317,130.027218,T90,35.0001623,130.0135876,ahead of,behind,ahead of,behind,behind,ahead of
+2026-02-05T22:41:49Z,BTR80,35.0000541,130.0279204,K2BlackPanther,35.0000317,130.027218,T90,35.0001623,130.0135139,ahead of,behind,ahead of,behind,behind,ahead of
+2026-02-05T22:41:50Z,BTR80,35.0000541,130.0280082,K2BlackPanther,35.0000317,130.027218,T90,35.0001623,130.0134402,ahead of,behind,ahead of,behind,behind,ahead of
+2026-02-05T22:41:51Z,BTR80,35.0000541,130.028096,K2BlackPanther,35.0000317,130.027218,T90,35.0001623,130.0133665,ahead of,behind,ahead of,behind,behind,ahead of
+2026-02-05T22:41:52Z,BTR80,35.0000541,130.0281838,K2BlackPanther,35.0000317,130.027218,T90,35.0001623,130.0132928,ahead of,behind,ahead of,behind,behind,ahead of
+2026-02-05T22:41:53Z,BTR80,35.0000541,130.0282716,K2BlackPanther,35.0000317,130.027218,T90,35.0001623,130.0132191,ahead of,behind,ahead of,behind,behind,ahead of
+2026-02-05T22:41:54Z,BTR80,35.0000541,130.0283594,K2BlackPanther,35.0000317,130.027218,T90,35.0001623,130.0131454,ahead of,behind,ahead of,behind,behind,ahead of
+2026-02-05T22:41:55Z,BTR80,35.0000541,130.0284472,K2BlackPanther,35.0000317,130.027218,T90,35.0001623,130.0130717,ahead of,behind,ahead of,behind,behind,ahead of
+2026-02-05T22:41:56Z,BTR80,35.0000541,130.028535,K2BlackPanther,35.0000317,130.027218,T90,35.0001623,130.012998,ahead of,behind,ahead of,behind,behind,ahead of
+2026-02-05T22:41:57Z,BTR80,35.0000541,130.0286228,K2BlackPanther,35.0000317,130.027218,T90,35.0001623,130.0129243,ahead of,behind,ahead of,behind,behind,ahead of
+2026-02-05T22:41:58Z,BTR80,35.0000541,130.0287106,K2BlackPanther,35.0000317,130.027218,T90,35.0001623,130.0128506,ahead of,behind,ahead of,behind,behind,ahead of
+2026-02-05T22:41:59Z,BTR80,35.0000541,130.0287984,K2BlackPanther,35.0000317,130.027218,T90,35.0001623,130.012777,ahead of,behind,ahead of,behind,behind,ahead of
+2026-02-05T22:42:00Z,BTR80,35.0000541,130.0288862,K2BlackPanther,35.0000317,130.027218,T90,35.0001623,130.0127033,ahead of,behind,ahead of,behind,behind,ahead of
+2026-02-05T22:42:01Z,BTR80,35.0000541,130.028974,K2BlackPanther,35.0000317,130.027218,T90,35.0001623,130.0126296,ahead of,behind,ahead of,behind,behind,ahead of
+2026-02-05T22:42:02Z,BTR80,35.0000541,130.0290618,K2BlackPanther,35.0000317,130.027218,T90,35.0001623,130.0125559,ahead of,behind,ahead of,behind,behind,ahead of
+2026-02-05T22:42:03Z,BTR80,35.0000541,130.0291496,K2BlackPanther,35.0000317,130.027218,T90,35.0001623,130.0124822,ahead of,behind,ahead of,behind,behind,ahead of
+2026-02-05T22:42:04Z,BTR80,35.0000541,130.0292374,K2BlackPanther,35.0000317,130.027218,T90,35.0001623,130.0124085,ahead of,behind,ahead of,behind,behind,ahead of
+2026-02-05T22:42:05Z,BTR80,35.0000541,130.0293252,K2BlackPanther,35.0000317,130.027218,T90,35.0001623,130.0123348,ahead of,behind,ahead of,behind,behind,ahead of
+2026-02-05T22:42:06Z,BTR80,35.0000541,130.029413,K2BlackPanther,35.0000317,130.027218,T90,35.0001623,130.0122611,ahead of,behind,ahead of,behind,behind,ahead of
+2026-02-05T22:42:07Z,BTR80,35.0000541,130.0295008,K2BlackPanther,35.0000317,130.027218,T90,35.0001623,130.0121874,ahead of,behind,ahead of,behind,behind,ahead of
+2026-02-05T22:42:08Z,BTR80,35.0000541,130.0295886,K2BlackPanther,35.0000317,130.027218,T90,35.0001623,130.0121137,ahead of,behind,ahead of,behind,behind,ahead of
+2026-02-05T22:42:09Z,BTR80,35.0000541,130.0296764,K2BlackPanther,35.0000317,130.027218,T90,35.0001623,130.01204,ahead of,behind,ahead of,behind,behind,ahead of
+2026-02-05T22:42:10Z,BTR80,35.0000541,130.0297642,K2BlackPanther,35.0000317,130.027218,T90,35.0001623,130.0119663,ahead of,behind,ahead of,behind,behind,ahead of
+2026-02-05T22:42:11Z,BTR80,35.0000541,130.029852,K2BlackPanther,35.0000317,130.027218,T90,35.0001623,130.0118926,ahead of,behind,ahead of,behind,behind,ahead of
+2026-02-05T22:42:12Z,BTR80,35.0000541,130.0299398,K2BlackPanther,35.0000317,130.027218,T90,35.0001623,130.0118189,ahead of,behind,ahead of,behind,behind,ahead of
+2026-02-05T22:42:13Z,BTR80,35.0000541,130.0300276,K2BlackPanther,35.0000317,130.027218,T90,35.0001623,130.0117452,ahead of,behind,ahead of,behind,behind,ahead of
+2026-02-05T22:42:14Z,BTR80,35.0000541,130.0301154,K2BlackPanther,35.0000317,130.027218,T90,35.0001623,130.0116715,ahead of,behind,ahead of,behind,behind,ahead of
+2026-02-05T22:42:15Z,BTR80,35.0000541,130.0302032,K2BlackPanther,35.0000317,130.027218,T90,35.0001623,130.0115978,ahead of,behind,ahead of,behind,behind,ahead of
+2026-02-05T22:42:16Z,BTR80,35.0000541,130.030291,K2BlackPanther,35.0000317,130.027218,T90,35.0001623,130.0115241,ahead of,behind,ahead of,behind,behind,ahead of
+2026-02-05T22:42:17Z,BTR80,35.0000541,130.0303788,K2BlackPanther,35.0000317,130.027218,T90,35.0001623,130.0114504,ahead of,behind,ahead of,behind,behind,ahead of
+2026-02-05T22:42:18Z,BTR80,35.0000541,130.0304666,K2BlackPanther,35.0000317,130.027218,T90,35.0001623,130.0113767,ahead of,behind,ahead of,behind,behind,ahead of
+2026-02-05T22:42:19Z,BTR80,35.0000541,130.0305544,K2BlackPanther,35.0000317,130.027218,T90,35.0001623,130.011303,ahead of,behind,ahead of,behind,behind,ahead of
+2026-02-05T22:42:20Z,BTR80,35.0000541,130.0306422,K2BlackPanther,35.0000317,130.027218,T90,35.0001623,130.0112293,ahead of,behind,ahead of,behind,behind,ahead of
+2026-02-05T22:42:21Z,BTR80,35.0000541,130.03073,K2BlackPanther,35.0000317,130.027218,T90,35.0001623,130.0111556,ahead of,behind,ahead of,behind,behind,ahead of
+2026-02-05T22:42:22Z,BTR80,35.0000541,130.0308178,K2BlackPanther,35.0000317,130.027218,T90,35.0001623,130.0110819,ahead of,behind,ahead of,behind,behind,ahead of
+2026-02-05T22:42:23Z,BTR80,35.0000541,130.0309056,K2BlackPanther,35.0000317,130.027218,T90,35.0001623,130.0110082,ahead of,behind,ahead of,behind,behind,ahead of
+2026-02-05T22:42:24Z,BTR80,35.0000541,130.0309934,K2BlackPanther,35.0000317,130.027218,T90,35.0001623,130.0109345,ahead of,behind,ahead of,behind,behind,ahead of
+2026-02-05T22:42:25Z,BTR80,35.0000541,130.0310812,K2BlackPanther,35.0000317,130.027218,T90,35.0001623,130.0108608,ahead of,behind,ahead of,behind,behind,ahead of
+2026-02-05T22:42:26Z,BTR80,35.0000541,130.031169,K2BlackPanther,35.0000317,130.027218,T90,35.0001623,130.0107871,ahead of,behind,ahead of,behind,behind,ahead of
+2026-02-05T22:42:27Z,BTR80,35.0000541,130.0312568,K2BlackPanther,35.0000317,130.027218,T90,35.0001623,130.0107134,ahead of,behind,ahead of,behind,behind,ahead of
+2026-02-05T22:42:28Z,BTR80,35.0000541,130.0313446,K2BlackPanther,35.0000317,130.027218,T90,35.0001623,130.0106397,ahead of,behind,ahead of,behind,behind,ahead of
+2026-02-05T22:42:29Z,BTR80,35.0000541,130.0314324,K2BlackPanther,35.0000317,130.027218,T90,35.0001623,130.010566,ahead of,behind,ahead of,behind,behind,ahead of
+2026-02-05T22:42:30Z,BTR80,35.0000541,130.0315202,K2BlackPanther,35.0000317,130.027218,T90,35.0001623,130.0104923,ahead of,behind,ahead of,behind,behind,ahead of
+2026-02-05T22:42:31Z,BTR80,35.0000541,130.031608,K2BlackPanther,35.0000317,130.027218,T90,35.0001623,130.0104186,ahead of,behind,ahead of,behind,behind,ahead of
+2026-02-05T22:42:32Z,BTR80,35.0000541,130.0316958,K2BlackPanther,35.0000317,130.027218,T90,35.0001623,130.0103449,ahead of,behind,ahead of,behind,behind,ahead of
+2026-02-05T22:42:33Z,BTR80,35.0000541,130.0317836,K2BlackPanther,35.0000317,130.027218,T90,35.0001623,130.0102712,ahead of,behind,ahead of,behind,behind,ahead of
+2026-02-05T22:42:34Z,BTR80,35.0000541,130.0318714,K2BlackPanther,35.0000317,130.027218,T90,35.0001623,130.0101975,ahead of,behind,ahead of,behind,behind,ahead of
+2026-02-05T22:42:35Z,BTR80,35.0000541,130.0319592,K2BlackPanther,35.0000317,130.027218,T90,35.0001623,130.0101238,ahead of,behind,ahead of,behind,behind,ahead of
+2026-02-05T22:42:36Z,BTR80,35.0000541,130.032047,K2BlackPanther,35.0000317,130.027218,T90,35.0001623,130.0100501,ahead of,behind,ahead of,behind,behind,ahead of
+2026-02-05T22:42:37Z,BTR80,35.0000541,130.0321348,K2BlackPanther,35.0000317,130.027218,T90,35.0001623,130.0099765,ahead of,behind,ahead of,behind,behind,ahead of
+2026-02-05T22:42:38Z,BTR80,35.0000541,130.0322226,K2BlackPanther,35.0000317,130.027218,T90,35.0001623,130.0099028,ahead of,behind,ahead of,behind,behind,ahead of
+2026-02-05T22:42:39Z,BTR80,35.0000541,130.0323104,K2BlackPanther,35.0000317,130.027218,T90,35.0001623,130.0098291,ahead of,behind,ahead of,behind,behind,ahead of
+2026-02-05T22:42:40Z,BTR80,35.0000541,130.0323982,K2BlackPanther,35.0000317,130.027218,T90,35.0001623,130.0097554,ahead of,behind,ahead of,behind,behind,ahead of
+2026-02-05T22:42:41Z,BTR80,35.0000541,130.032486,K2BlackPanther,35.0000317,130.027218,T90,35.0001623,130.0096817,ahead of,behind,ahead of,behind,behind,ahead of
+2026-02-05T22:42:42Z,BTR80,35.0000541,130.0325738,K2BlackPanther,35.0000317,130.027218,T90,35.0001623,130.009608,ahead of,behind,ahead of,behind,behind,ahead of
+2026-02-05T22:42:43Z,BTR80,35.0000541,130.0326616,K2BlackPanther,35.0000317,130.027218,T90,35.0001623,130.0095343,ahead of,behind,ahead of,behind,behind,ahead of
+2026-02-05T22:42:44Z,BTR80,35.0000541,130.0327494,K2BlackPanther,35.0000317,130.027218,T90,35.0001623,130.0094606,ahead of,behind,ahead of,behind,behind,ahead of
+2026-02-05T22:42:45Z,BTR80,35.0000541,130.0328372,K2BlackPanther,35.0000317,130.027218,T90,35.0001623,130.0093869,ahead of,behind,ahead of,behind,behind,ahead of
+2026-02-05T22:42:46Z,BTR80,35.0000541,130.032925,K2BlackPanther,35.0000317,130.027218,T90,35.0001623,130.0093132,ahead of,behind,ahead of,behind,behind,ahead of
+2026-02-05T22:42:47Z,BTR80,35.0000541,130.0330128,K2BlackPanther,35.0000317,130.027218,T90,35.0001623,130.0092395,ahead of,behind,ahead of,behind,behind,ahead of
+2026-02-05T22:42:48Z,BTR80,35.0000541,130.0331006,K2BlackPanther,35.0000317,130.027218,T90,35.0001623,130.0091658,ahead of,behind,ahead of,behind,behind,ahead of
+2026-02-05T22:42:49Z,BTR80,35.0000541,130.0331884,K2BlackPanther,35.0000317,130.027218,T90,35.0001623,130.0090921,ahead of,behind,ahead of,behind,behind,ahead of
+2026-02-05T22:42:50Z,BTR80,35.0000541,130.0332762,K2BlackPanther,35.0000317,130.027218,T90,35.0001623,130.0090184,ahead of,behind,ahead of,behind,behind,ahead of
+2026-02-05T22:42:51Z,BTR80,35.0000541,130.033364,K2BlackPanther,35.0000317,130.027218,T90,35.0001623,130.0089447,ahead of,behind,ahead of,behind,behind,ahead of
+2026-02-05T22:42:52Z,BTR80,35.0000541,130.0334518,K2BlackPanther,35.0000317,130.027218,T90,35.0001623,130.008871,ahead of,behind,ahead of,behind,behind,ahead of
+2026-02-05T22:42:53Z,BTR80,35.0000541,130.0335396,K2BlackPanther,35.0000317,130.027218,T90,35.0001623,130.0087973,ahead of,behind,ahead of,behind,behind,ahead of
+2026-02-05T22:42:54Z,BTR80,35.0000541,130.0336274,K2BlackPanther,35.0000317,130.027218,T90,35.0001623,130.0087236,ahead of,behind,ahead of,behind,behind,ahead of
+2026-02-05T22:42:55Z,BTR80,35.0000541,130.0337152,K2BlackPanther,35.0000317,130.027218,T90,35.0001623,130.0086499,ahead of,behind,ahead of,behind,behind,ahead of
+2026-02-05T22:42:56Z,BTR80,35.0000541,130.033803,K2BlackPanther,35.0000317,130.027218,T90,35.0001623,130.0085762,ahead of,behind,ahead of,behind,behind,ahead of
+2026-02-05T22:42:57Z,BTR80,35.0000541,130.0338908,K2BlackPanther,35.0000317,130.027218,T90,35.0001623,130.0085025,ahead of,behind,ahead of,behind,behind,ahead of
+2026-02-05T22:42:58Z,BTR80,35.0000541,130.0339786,K2BlackPanther,35.0000317,130.027218,T90,35.0001623,130.0084288,ahead of,behind,ahead of,behind,behind,ahead of
+2026-02-05T22:42:59Z,BTR80,35.0000541,130.0340664,K2BlackPanther,35.0000317,130.027218,T90,35.0001623,130.0083551,ahead of,behind,ahead of,behind,behind,ahead of
+2026-02-05T22:43:00Z,BTR80,35.0000541,130.0341542,K2BlackPanther,35.0000317,130.027218,T90,35.0001623,130.0082814,ahead of,behind,ahead of,behind,behind,ahead of
+2026-02-05T22:43:01Z,BTR80,35.0000541,130.034242,K2BlackPanther,35.0000317,130.027218,T90,35.0001623,130.0082077,ahead of,behind,ahead of,behind,behind,ahead of
+2026-02-05T22:43:02Z,BTR80,35.0000541,130.0343298,K2BlackPanther,35.0000317,130.027218,T90,35.0001623,130.008134,ahead of,behind,ahead of,behind,behind,ahead of
+2026-02-05T22:43:03Z,BTR80,35.0000541,130.0344176,K2BlackPanther,35.0000317,130.027218,T90,35.0001623,130.0080603,ahead of,behind,ahead of,behind,behind,ahead of
+2026-02-05T22:43:04Z,BTR80,35.0000541,130.0345054,K2BlackPanther,35.0000317,130.027218,T90,35.0001623,130.0079866,ahead of,behind,ahead of,behind,behind,ahead of
+2026-02-05T22:43:05Z,BTR80,35.0000541,130.0345932,K2BlackPanther,35.0000317,130.027218,T90,35.0001623,130.0079129,ahead of,behind,ahead of,behind,behind,ahead of
+2026-02-05T22:43:06Z,BTR80,35.0000541,130.034681,K2BlackPanther,35.0000317,130.027218,T90,35.0001623,130.0078392,ahead of,behind,ahead of,behind,behind,ahead of
+2026-02-05T22:43:07Z,BTR80,35.0000541,130.0347688,K2BlackPanther,35.0000317,130.027218,T90,35.0001623,130.0077655,ahead of,behind,ahead of,behind,behind,ahead of
+2026-02-05T22:43:08Z,BTR80,35.0000541,130.0348566,K2BlackPanther,35.0000317,130.027218,T90,35.0001623,130.0076918,ahead of,behind,ahead of,behind,behind,ahead of
+2026-02-05T22:43:09Z,BTR80,35.0000541,130.0349444,K2BlackPanther,35.0000317,130.027218,T90,35.0001623,130.0076181,ahead of,behind,ahead of,behind,behind,ahead of
+2026-02-05T22:43:10Z,BTR80,35.0000541,130.0350322,K2BlackPanther,35.0000317,130.027218,T90,35.0001623,130.0075444,ahead of,behind,ahead of,behind,behind,ahead of
+2026-02-05T22:43:11Z,BTR80,35.0000541,130.03512,K2BlackPanther,35.0000317,130.027218,T90,35.0001623,130.0074707,ahead of,behind,ahead of,behind,behind,ahead of
+2026-02-05T22:43:12Z,BTR80,35.0000541,130.0352078,K2BlackPanther,35.0000317,130.027218,T90,35.0001623,130.007397,ahead of,behind,ahead of,behind,behind,ahead of
+2026-02-05T22:43:13Z,BTR80,35.0000541,130.0352956,K2BlackPanther,35.0000317,130.027218,T90,35.0001623,130.0073233,ahead of,behind,ahead of,behind,behind,ahead of
+2026-02-05T22:43:14Z,BTR80,35.0000541,130.0353834,K2BlackPanther,35.0000317,130.027218,T90,35.0001623,130.0072496,ahead of,behind,ahead of,behind,behind,ahead of
+2026-02-05T22:43:15Z,BTR80,35.0000541,130.0354712,K2BlackPanther,35.0000317,130.027218,T90,35.0001623,130.0071759,ahead of,behind,ahead of,behind,behind,ahead of
+2026-02-05T22:43:16Z,BTR80,35.0000541,130.035559,K2BlackPanther,35.0000317,130.027218,T90,35.0001623,130.0071023,ahead of,behind,ahead of,behind,behind,ahead of
+2026-02-05T22:43:17Z,BTR80,35.0000541,130.0356468,K2BlackPanther,35.0000317,130.027218,T90,35.0001623,130.0070286,ahead of,behind,ahead of,behind,behind,ahead of
+2026-02-05T22:43:18Z,BTR80,35.0000541,130.0357346,K2BlackPanther,35.0000317,130.027218,T90,35.0001623,130.0069549,ahead of,behind,ahead of,behind,behind,ahead of
+2026-02-05T22:43:19Z,BTR80,35.0000541,130.0358224,K2BlackPanther,35.0000317,130.027218,T90,35.0001623,130.0068812,ahead of,behind,ahead of,behind,behind,ahead of
+2026-02-05T22:43:20Z,BTR80,35.0000541,130.0359102,K2BlackPanther,35.0000317,130.027218,T90,35.0001623,130.0068075,ahead of,behind,ahead of,behind,behind,ahead of
+2026-02-05T22:43:21Z,BTR80,35.0000541,130.035998,K2BlackPanther,35.0000317,130.027218,T90,35.0001623,130.0067338,ahead of,behind,ahead of,behind,behind,ahead of
+2026-02-05T22:43:22Z,BTR80,35.0000541,130.0360858,K2BlackPanther,35.0000317,130.027218,T90,35.0001623,130.0066601,ahead of,behind,ahead of,behind,behind,ahead of
+2026-02-05T22:43:23Z,BTR80,35.0000541,130.0361736,K2BlackPanther,35.0000317,130.027218,T90,35.0001623,130.0065864,ahead of,behind,ahead of,behind,behind,ahead of
+2026-02-05T22:43:24Z,BTR80,35.0000541,130.0362614,K2BlackPanther,35.0000317,130.027218,T90,35.0001623,130.0065127,ahead of,behind,ahead of,behind,behind,ahead of
+2026-02-05T22:43:25Z,BTR80,35.0000541,130.0363492,K2BlackPanther,35.0000317,130.027218,T90,35.0001623,130.006439,ahead of,behind,ahead of,behind,behind,ahead of
+2026-02-05T22:43:26Z,BTR80,35.0000541,130.036437,K2BlackPanther,35.0000317,130.027218,T90,35.0001623,130.0063653,ahead of,behind,ahead of,behind,behind,ahead of
+2026-02-05T22:43:27Z,BTR80,35.0000541,130.0365248,K2BlackPanther,35.0000317,130.027218,T90,35.0001623,130.0062916,ahead of,behind,ahead of,behind,behind,ahead of
+2026-02-05T22:43:28Z,BTR80,35.0000541,130.0366126,K2BlackPanther,35.0000317,130.027218,T90,35.0001623,130.0062179,ahead of,behind,ahead of,behind,behind,ahead of
+2026-02-05T22:43:29Z,BTR80,35.0000541,130.0367004,K2BlackPanther,35.0000317,130.027218,T90,35.0001623,130.0061442,ahead of,behind,ahead of,behind,behind,ahead of
+2026-02-05T22:43:30Z,BTR80,35.0000541,130.0367882,K2BlackPanther,35.0000317,130.027218,T90,35.0001623,130.0060705,ahead of,behind,ahead of,behind,behind,ahead of
+2026-02-05T22:43:31Z,BTR80,35.0000541,130.036876,K2BlackPanther,35.0000317,130.027218,T90,35.0001623,130.0059968,ahead of,behind,ahead of,behind,behind,ahead of
+2026-02-05T22:43:32Z,BTR80,35.0000541,130.036876,K2BlackPanther,35.0000317,130.027218,T90,35.0001623,130.0059231,ahead of,behind,ahead of,behind,behind,ahead of
+2026-02-05T22:43:33Z,BTR80,35.0000541,130.036876,K2BlackPanther,35.0000317,130.027218,T90,35.0001623,130.0058494,ahead of,behind,ahead of,behind,behind,ahead of
+2026-02-05T22:43:34Z,BTR80,35.0000541,130.036876,K2BlackPanther,35.0000317,130.027218,T90,35.0001623,130.0057757,ahead of,behind,ahead of,behind,behind,ahead of
+2026-02-05T22:43:35Z,BTR80,35.0000541,130.036876,K2BlackPanther,35.0000317,130.027218,T90,35.0001623,130.005702,ahead of,behind,ahead of,behind,behind,ahead of
+2026-02-05T22:43:36Z,BTR80,35.0000541,130.036876,K2BlackPanther,35.0000317,130.027218,T90,35.0001623,130.0056283,ahead of,behind,ahead of,behind,behind,ahead of
+2026-02-05T22:43:37Z,BTR80,35.0000541,130.036876,K2BlackPanther,35.0000317,130.027218,T90,35.0001623,130.0055546,ahead of,behind,ahead of,behind,behind,ahead of
+2026-02-05T22:43:38Z,BTR80,35.0000541,130.036876,K2BlackPanther,35.0000317,130.027218,T90,35.0001623,130.0054809,ahead of,behind,ahead of,behind,behind,ahead of
+2026-02-05T22:43:39Z,BTR80,35.0000541,130.036876,K2BlackPanther,35.0000317,130.027218,T90,35.0001623,130.0054072,ahead of,behind,ahead of,behind,behind,ahead of
+2026-02-05T22:43:40Z,BTR80,35.0000541,130.036876,K2BlackPanther,35.0000317,130.027218,T90,35.0001623,130.0053335,ahead of,behind,ahead of,behind,behind,ahead of
+2026-02-05T22:43:41Z,BTR80,35.0000541,130.036876,K2BlackPanther,35.0000317,130.027218,T90,35.0001623,130.0052598,ahead of,behind,ahead of,behind,behind,ahead of
+2026-02-05T22:43:42Z,BTR80,35.0000541,130.036876,K2BlackPanther,35.0000317,130.027218,T90,35.0001623,130.0051861,ahead of,behind,ahead of,behind,behind,ahead of
+2026-02-05T22:43:43Z,BTR80,35.0000541,130.036876,K2BlackPanther,35.0000317,130.027218,T90,35.0001623,130.0051124,ahead of,behind,ahead of,behind,behind,ahead of
+2026-02-05T22:43:44Z,BTR80,35.0000541,130.036876,K2BlackPanther,35.0000317,130.027218,T90,35.0001623,130.0050387,ahead of,behind,ahead of,behind,behind,ahead of
+2026-02-05T22:43:45Z,BTR80,35.0000541,130.036876,K2BlackPanther,35.0000317,130.027218,T90,35.0001623,130.004965,ahead of,behind,ahead of,behind,behind,ahead of
+2026-02-05T22:43:46Z,BTR80,35.0000541,130.036876,K2BlackPanther,35.0000317,130.027218,T90,35.0001623,130.0048913,ahead of,behind,ahead of,behind,behind,ahead of
+2026-02-05T22:43:47Z,BTR80,35.0000541,130.036876,K2BlackPanther,35.0000317,130.027218,T90,35.0001623,130.0048176,ahead of,behind,ahead of,behind,behind,ahead of
+2026-02-05T22:43:48Z,BTR80,35.0000541,130.036876,K2BlackPanther,35.0000317,130.027218,T90,35.0001623,130.0047439,ahead of,behind,ahead of,behind,behind,ahead of
+2026-02-05T22:43:49Z,BTR80,35.0000541,130.036876,K2BlackPanther,35.0000317,130.027218,T90,35.0001623,130.0046702,ahead of,behind,ahead of,behind,behind,ahead of
+2026-02-05T22:43:50Z,BTR80,35.0000541,130.036876,K2BlackPanther,35.0000317,130.027218,T90,35.0001623,130.0045965,ahead of,behind,ahead of,behind,behind,ahead of
+2026-02-05T22:43:51Z,BTR80,35.0000541,130.036876,K2BlackPanther,35.0000317,130.027218,T90,35.0001623,130.0045228,ahead of,behind,ahead of,behind,behind,ahead of
+2026-02-05T22:43:52Z,BTR80,35.0000541,130.036876,K2BlackPanther,35.0000317,130.027218,T90,35.0001623,130.0044491,ahead of,behind,ahead of,behind,behind,ahead of
+2026-02-05T22:43:53Z,BTR80,35.0000541,130.036876,K2BlackPanther,35.0000317,130.027218,T90,35.0001623,130.0043754,ahead of,behind,ahead of,behind,behind,ahead of
+2026-02-05T22:43:54Z,BTR80,35.0000541,130.036876,K2BlackPanther,35.0000317,130.027218,T90,35.0001623,130.0043018,ahead of,behind,ahead of,behind,behind,ahead of
+2026-02-05T22:43:55Z,BTR80,35.0000541,130.036876,K2BlackPanther,35.0000317,130.027218,T90,35.0001623,130.0042281,ahead of,behind,ahead of,behind,behind,ahead of
+2026-02-05T22:43:56Z,BTR80,35.0000541,130.036876,K2BlackPanther,35.0000317,130.027218,T90,35.0001623,130.0041544,ahead of,behind,ahead of,behind,behind,ahead of
+2026-02-05T22:43:57Z,BTR80,35.0000541,130.036876,K2BlackPanther,35.0000317,130.027218,T90,35.0001623,130.0040807,ahead of,behind,ahead of,behind,behind,ahead of
+2026-02-05T22:43:58Z,BTR80,35.0000541,130.036876,K2BlackPanther,35.0000317,130.027218,T90,35.0001623,130.004007,ahead of,behind,ahead of,behind,behind,ahead of
+2026-02-05T22:43:59Z,BTR80,35.0000541,130.036876,K2BlackPanther,35.0000317,130.027218,T90,35.0001623,130.0039333,ahead of,behind,ahead of,behind,behind,ahead of
+2026-02-05T22:44:00Z,BTR80,35.0000541,130.036876,K2BlackPanther,35.0000317,130.027218,T90,35.0001623,130.0038596,ahead of,behind,ahead of,behind,behind,ahead of
+2026-02-05T22:44:01Z,BTR80,35.0000541,130.036876,K2BlackPanther,35.0000317,130.027218,T90,35.0001623,130.0037859,ahead of,behind,ahead of,behind,behind,ahead of
+2026-02-05T22:44:02Z,BTR80,35.0000541,130.036876,K2BlackPanther,35.0000317,130.027218,T90,35.0001623,130.0037122,ahead of,behind,ahead of,behind,behind,ahead of
+2026-02-05T22:44:03Z,BTR80,35.0000541,130.036876,K2BlackPanther,35.0000317,130.027218,T90,35.0001623,130.0036385,ahead of,behind,ahead of,behind,behind,ahead of
+2026-02-05T22:44:04Z,BTR80,35.0000541,130.036876,K2BlackPanther,35.0000317,130.027218,T90,35.0001623,130.0035648,ahead of,behind,ahead of,behind,behind,ahead of
+2026-02-05T22:44:05Z,BTR80,35.0000541,130.036876,K2BlackPanther,35.0000317,130.027218,T90,35.0001623,130.0034911,ahead of,behind,ahead of,behind,behind,ahead of
+2026-02-05T22:44:06Z,BTR80,35.0000541,130.036876,K2BlackPanther,35.0000317,130.027218,T90,35.0001623,130.0034174,ahead of,behind,ahead of,behind,behind,ahead of
+2026-02-05T22:44:07Z,BTR80,35.0000541,130.036876,K2BlackPanther,35.0000317,130.027218,T90,35.0001623,130.0033437,ahead of,behind,ahead of,behind,behind,ahead of
+2026-02-05T22:44:08Z,BTR80,35.0000541,130.036876,K2BlackPanther,35.0000317,130.027218,T90,35.0001623,130.00327,ahead of,behind,ahead of,behind,behind,ahead of
+2026-02-05T22:44:09Z,BTR80,35.0000541,130.036876,K2BlackPanther,35.0000317,130.027218,T90,35.0001623,130.0031963,ahead of,behind,ahead of,behind,behind,ahead of
+2026-02-05T22:44:10Z,BTR80,35.0000541,130.036876,K2BlackPanther,35.0000317,130.027218,T90,35.0001623,130.0031226,ahead of,behind,ahead of,behind,behind,ahead of
+2026-02-05T22:44:11Z,BTR80,35.0000541,130.036876,K2BlackPanther,35.0000317,130.027218,T90,35.0001623,130.0030489,ahead of,behind,ahead of,behind,behind,ahead of
+2026-02-05T22:44:12Z,BTR80,35.0000541,130.036876,K2BlackPanther,35.0000317,130.027218,T90,35.0001623,130.0029752,ahead of,behind,ahead of,behind,behind,ahead of
+2026-02-05T22:44:13Z,BTR80,35.0000541,130.036876,K2BlackPanther,35.0000317,130.027218,T90,35.0001623,130.0029015,ahead of,behind,ahead of,behind,behind,ahead of
+2026-02-05T22:44:14Z,BTR80,35.0000541,130.036876,K2BlackPanther,35.0000317,130.027218,T90,35.0001623,130.0028278,ahead of,behind,ahead of,behind,behind,ahead of
+2026-02-05T22:44:15Z,BTR80,35.0000541,130.036876,K2BlackPanther,35.0000317,130.027218,T90,35.0001623,130.0027541,ahead of,behind,ahead of,behind,behind,ahead of
+2026-02-05T22:44:16Z,BTR80,35.0000541,130.036876,K2BlackPanther,35.0000317,130.027218,T90,35.0001623,130.0026804,ahead of,behind,ahead of,behind,behind,ahead of
+2026-02-05T22:44:17Z,BTR80,35.0000541,130.036876,K2BlackPanther,35.0000317,130.027218,T90,35.0001623,130.0026067,ahead of,behind,ahead of,behind,behind,ahead of
+2026-02-05T22:44:18Z,BTR80,35.0000541,130.036876,K2BlackPanther,35.0000317,130.027218,T90,35.0001623,130.002533,ahead of,behind,ahead of,behind,behind,ahead of
+2026-02-05T22:44:19Z,BTR80,35.0000541,130.036876,K2BlackPanther,35.0000317,130.027218,T90,35.0001623,130.0024593,ahead of,behind,ahead of,behind,behind,ahead of
+2026-02-05T22:44:20Z,BTR80,35.0000541,130.036876,K2BlackPanther,35.0000317,130.027218,T90,35.0001623,130.0023856,ahead of,behind,ahead of,behind,behind,ahead of
+2026-02-05T22:44:21Z,BTR80,35.0000541,130.036876,K2BlackPanther,35.0000317,130.027218,T90,35.0001623,130.0023119,ahead of,behind,ahead of,behind,behind,ahead of
+2026-02-05T22:44:22Z,BTR80,35.0000541,130.036876,K2BlackPanther,35.0000317,130.027218,T90,35.0001623,130.0022382,ahead of,behind,ahead of,behind,behind,ahead of
+2026-02-05T22:44:23Z,BTR80,35.0000541,130.036876,K2BlackPanther,35.0000317,130.027218,T90,35.0001623,130.0021645,ahead of,behind,ahead of,behind,behind,ahead of
+2026-02-05T22:44:24Z,BTR80,35.0000541,130.036876,K2BlackPanther,35.0000317,130.027218,T90,35.0001623,130.0020908,ahead of,behind,ahead of,behind,behind,ahead of
+2026-02-05T22:44:25Z,BTR80,35.0000541,130.036876,K2BlackPanther,35.0000317,130.027218,T90,35.0001623,130.0020171,ahead of,behind,ahead of,behind,behind,ahead of
+2026-02-05T22:44:26Z,BTR80,35.0000541,130.036876,K2BlackPanther,35.0000317,130.027218,T90,35.0001623,130.0019434,ahead of,behind,ahead of,behind,behind,ahead of
+2026-02-05T22:44:27Z,BTR80,35.0000541,130.036876,K2BlackPanther,35.0000317,130.027218,T90,35.0001623,130.0018697,ahead of,behind,ahead of,behind,behind,ahead of
+2026-02-05T22:44:28Z,BTR80,35.0000541,130.036876,K2BlackPanther,35.0000317,130.027218,T90,35.0001623,130.001796,ahead of,behind,ahead of,behind,behind,ahead of
+2026-02-05T22:44:29Z,BTR80,35.0000541,130.036876,K2BlackPanther,35.0000317,130.027218,T90,35.0001623,130.0017223,ahead of,behind,ahead of,behind,behind,ahead of
+2026-02-05T22:44:30Z,BTR80,35.0000541,130.036876,K2BlackPanther,35.0000317,130.027218,T90,35.0001623,130.0016486,ahead of,behind,ahead of,behind,behind,ahead of
+2026-02-05T22:44:31Z,BTR80,35.0000541,130.036876,K2BlackPanther,35.0000317,130.027218,T90,35.0001623,130.0015749,ahead of,behind,ahead of,behind,behind,ahead of
+2026-02-05T22:44:32Z,BTR80,35.0000541,130.036876,K2BlackPanther,35.0000317,130.027218,T90,35.0001623,130.0015013,ahead of,behind,ahead of,behind,behind,ahead of
+2026-02-05T22:44:33Z,BTR80,35.0000541,130.036876,K2BlackPanther,35.0000317,130.027218,T90,35.0001623,130.0014276,ahead of,behind,ahead of,behind,behind,ahead of
+2026-02-05T22:44:34Z,BTR80,35.0000541,130.036876,K2BlackPanther,35.0000317,130.027218,T90,35.0001623,130.0013539,ahead of,behind,ahead of,behind,behind,ahead of
+2026-02-05T22:44:35Z,BTR80,35.0000541,130.036876,K2BlackPanther,35.0000317,130.027218,T90,35.0001623,130.0012802,ahead of,behind,ahead of,behind,behind,ahead of
+2026-02-05T22:44:36Z,BTR80,35.0000541,130.036876,K2BlackPanther,35.0000317,130.027218,T90,35.0001623,130.0012065,ahead of,behind,ahead of,behind,behind,ahead of
+2026-02-05T22:44:37Z,BTR80,35.0000541,130.036876,K2BlackPanther,35.0000317,130.027218,T90,35.0001623,130.0011328,ahead of,behind,ahead of,behind,behind,ahead of
+2026-02-05T22:44:38Z,BTR80,35.0000541,130.036876,K2BlackPanther,35.0000317,130.027218,T90,35.0001623,130.0010591,ahead of,behind,ahead of,behind,behind,ahead of
+2026-02-05T22:44:39Z,BTR80,35.0000541,130.036876,K2BlackPanther,35.0000317,130.027218,T90,35.0001623,130.0009854,ahead of,behind,ahead of,behind,behind,ahead of
+2026-02-05T22:44:40Z,BTR80,35.0000541,130.036876,K2BlackPanther,35.0000317,130.027218,T90,35.0001623,130.0009117,ahead of,behind,ahead of,behind,behind,ahead of
+2026-02-05T22:44:41Z,BTR80,35.0000541,130.036876,K2BlackPanther,35.0000317,130.027218,T90,35.0001623,130.000838,ahead of,behind,ahead of,behind,behind,ahead of
+2026-02-05T22:44:42Z,BTR80,35.0000541,130.036876,K2BlackPanther,35.0000317,130.027218,T90,35.0001623,130.0007643,ahead of,behind,ahead of,behind,behind,ahead of
+2026-02-05T22:44:43Z,BTR80,35.0000541,130.036876,K2BlackPanther,35.0000317,130.027218,T90,35.0001623,130.0006906,ahead of,behind,ahead of,behind,behind,ahead of
+2026-02-05T22:44:44Z,BTR80,35.0000541,130.036876,K2BlackPanther,35.0000317,130.027218,T90,35.0001623,130.0006169,ahead of,behind,ahead of,behind,behind,ahead of
+2026-02-05T22:44:45Z,BTR80,35.0000541,130.036876,K2BlackPanther,35.0000317,130.027218,T90,35.0001623,130.0005432,ahead of,behind,ahead of,behind,behind,ahead of
+2026-02-05T22:44:46Z,BTR80,35.0000541,130.036876,K2BlackPanther,35.0000317,130.027218,T90,35.0001623,130.0004695,ahead of,behind,ahead of,behind,behind,ahead of
+2026-02-05T22:44:47Z,BTR80,35.0000541,130.036876,K2BlackPanther,35.0000317,130.027218,T90,35.0001623,130.0003958,ahead of,behind,ahead of,behind,behind,ahead of
+2026-02-05T22:44:48Z,BTR80,35.0000541,130.036876,K2BlackPanther,35.0000317,130.027218,T90,35.0001623,130.0003221,ahead of,behind,ahead of,behind,behind,ahead of
+2026-02-05T22:44:49Z,BTR80,35.0000541,130.036876,K2BlackPanther,35.0000317,130.027218,T90,35.0001623,130.0002484,ahead of,behind,ahead of,behind,behind,ahead of
+2026-02-05T22:44:50Z,BTR80,35.0000541,130.036876,K2BlackPanther,35.0000317,130.027218,T90,35.0001623,130.0001747,ahead of,behind,ahead of,behind,behind,ahead of
+2026-02-05T22:44:51Z,BTR80,35.0000541,130.036876,K2BlackPanther,35.0000317,130.027218,T90,35.0001623,130.000101,ahead of,behind,ahead of,behind,behind,ahead of
